timestamp,actual,forecast,error,abs_error,pct_error
2020-09-19 00:00:00+00:00,7364.0,7374.8,-10.7998046875,10.7998046875,-0.14665677196496468
2020-09-19 01:00:00+00:00,7208.0,7240.1714,-32.17138671875,32.17138671875,-0.4463288945442564
2020-09-19 02:00:00+00:00,7245.0,7299.888,-54.88818359375,54.88818359375,-0.7576008777605245
2020-09-19 03:00:00+00:00,7227.0,7472.6953,-245.6953125,245.6953125,-3.399686073059361
2020-09-19 04:00:00+00:00,7598.0,7829.0547,-231.0546875,231.0546875,-3.040993518031061
2020-09-19 05:00:00+00:00,7930.0,8179.395,-249.39501953125,249.39501953125,-3.144956110104035
2020-09-19 06:00:00+00:00,8337.0,8492.257,-155.2568359375,155.2568359375,-1.8622626356902963
2020-09-19 07:00:00+00:00,8724.0,8715.347,8.6533203125,8.6533203125,0.09918982476501606
2020-09-19 08:00:00+00:00,8802.0,8811.652,-9.65234375,9.65234375,-0.10966080152238127
2020-09-19 09:00:00+00:00,8855.0,8801.515,53.4853515625,53.4853515625,0.604013004658385
2020-09-19 10:00:00+00:00,8732.0,8710.231,21.7685546875,21.7685546875,0.24929632028744844
2020-09-19 11:00:00+00:00,8411.0,8589.465,-178.46484375,178.46484375,-2.121802921769112
2020-09-19 12:00:00+00:00,8382.0,8533.326,-151.326171875,151.326171875,-1.805370697625865
2020-09-19 13:00:00+00:00,8425.0,8504.391,-79.390625,79.390625,-0.9423219584569733
2020-09-19 14:00:00+00:00,8530.0,8505.842,24.158203125,24.158203125,0.2832145735638922
2020-09-19 15:00:00+00:00,8823.0,8578.609,244.390625,244.390625,2.7699266122634025
2020-09-19 16:00:00+00:00,8942.0,8622.582,319.41796875,319.41796875,3.572108798367256
2020-09-19 17:00:00+00:00,8987.0,8590.401,396.5986328125,396.5986328125,4.413025846361411
2020-09-19 18:00:00+00:00,9135.0,8529.752,605.248046875,605.248046875,6.62559438286809
2020-09-19 19:00:00+00:00,8731.0,8371.491,359.5087890625,359.5087890625,4.117612977465353
2020-09-19 20:00:00+00:00,8448.0,8119.14,328.85986328125,328.85986328125,3.892754063461766
2020-09-19 21:00:00+00:00,8005.0,7812.6704,192.32958984375,192.32958984375,2.4026182366489692
2020-09-19 22:00:00+00:00,7525.0,7500.221,24.77880859375,24.77880859375,0.32928649294019935
2020-09-19 23:00:00+00:00,7302.0,7239.393,62.60693359375,62.60693359375,0.8573943247569158
2020-09-20 00:00:00+00:00,7185.0,7023.25,161.75,161.75,2.2512178148921365
2020-09-20 01:00:00+00:00,6938.0,6845.17,92.830078125,92.830078125,1.3379947841597002
2020-09-20 02:00:00+00:00,6989.0,6803.9077,185.09228515625,185.09228515625,2.6483371749356133
2020-09-20 03:00:00+00:00,6982.0,6894.137,87.86279296875,87.86279296875,1.2584186904719277
2020-09-20 04:00:00+00:00,7162.0,7117.4873,44.5126953125,44.5126953125,0.6215120819952527
2020-09-20 05:00:00+00:00,7348.0,7447.8984,-99.8984375,99.8984375,-1.3595323557430594
2020-09-20 06:00:00+00:00,7668.0,7740.2476,-72.24755859375,72.24755859375,-0.9421955998141628
2020-09-20 07:00:00+00:00,8155.0,8031.759,123.2412109375,123.2412109375,1.511234959380748
2020-09-20 08:00:00+00:00,8361.0,8212.809,148.19140625,148.19140625,1.772412465614161
2020-09-20 09:00:00+00:00,8430.0,8269.947,160.052734375,160.052734375,1.8986089486951365
2020-09-20 10:00:00+00:00,8336.0,8248.66,87.33984375,87.33984375,1.0477428472888675
2020-09-20 11:00:00+00:00,8026.0,8151.6387,-125.638671875,125.638671875,-1.5653958618863693
2020-09-20 12:00:00+00:00,7833.0,8120.223,-287.22314453125,287.22314453125,-3.6668344763340994
2020-09-20 13:00:00+00:00,7699.0,8087.1797,-388.1796875,388.1796875,-5.041949441485907
2020-09-20 14:00:00+00:00,7790.0,8116.4946,-326.49462890625,326.49462890625,-4.191201911505135
2020-09-20 15:00:00+00:00,8126.0,8190.247,-64.2470703125,64.2470703125,-0.7906358640475019
2020-09-20 16:00:00+00:00,8451.0,8270.255,180.7451171875,180.7451171875,2.138742364069341
2020-09-20 17:00:00+00:00,8694.0,8317.284,376.7158203125,376.7158203125,4.3330552140844265
2020-09-20 18:00:00+00:00,8972.0,8307.641,664.359375,664.359375,7.404808013820776
2020-09-20 19:00:00+00:00,8613.0,8214.488,398.51171875,398.51171875,4.626863099384651
2020-09-20 20:00:00+00:00,8186.0,8054.342,131.658203125,131.658203125,1.6083337787075496
2020-09-20 21:00:00+00:00,7777.0,7827.1987,-50.19873046875,50.19873046875,-0.6454767965635849
2020-09-20 22:00:00+00:00,7328.0,7585.95,-257.9501953125,257.9501953125,-3.5200627089587884
2020-09-20 23:00:00+00:00,7300.0,7370.5054,-70.50537109375,70.50537109375,-0.9658270012842465
2020-09-21 00:00:00+00:00,7165.0,7250.3926,-85.392578125,85.392578125,-1.1918015090718772
2020-09-21 01:00:00+00:00,7105.0,7262.753,-157.7529296875,157.7529296875,-2.2203086514778323
2020-09-21 02:00:00+00:00,7196.0,7512.47,-316.47021484375,316.47021484375,-4.397862907778627
2020-09-21 03:00:00+00:00,7755.0,8009.6323,-254.63232421875,254.63232421875,-3.2834600157156677
2020-09-21 04:00:00+00:00,8834.0,8651.782,182.2177734375,182.2177734375,2.0626870436665157
2020-09-21 05:00:00+00:00,9744.0,9284.876,459.1240234375,459.1240234375,4.711863951534277
2020-09-21 06:00:00+00:00,10004.0,9727.784,276.2158203125,276.2158203125,2.7610537816123553
2020-09-21 07:00:00+00:00,10147.0,10049.409,97.5908203125,97.5908203125,0.9617701814575736
2020-09-21 08:00:00+00:00,10046.0,10163.032,-117.0322265625,117.0322265625,-1.1649634338293848
2020-09-21 09:00:00+00:00,10063.0,10108.799,-45.798828125,45.798828125,-0.4551210188313624
2020-09-21 10:00:00+00:00,9779.0,9973.133,-194.1328125,194.1328125,-1.985201068616423
2020-09-21 11:00:00+00:00,9669.0,9877.942,-208.9423828125,208.9423828125,-2.160951316708036
2020-09-21 12:00:00+00:00,9658.0,9791.3955,-133.3955078125,133.3955078125,-1.3811918390194657
2020-09-21 13:00:00+00:00,9709.0,9765.627,-56.626953125,56.626953125,-0.5832418696570193
2020-09-21 14:00:00+00:00,9760.0,9798.887,-38.88671875,38.88671875,-0.39842949538934425
2020-09-21 15:00:00+00:00,10072.0,9795.468,276.5322265625,276.5322265625,2.745554274846108
2020-09-21 16:00:00+00:00,10123.0,9824.421,298.5791015625,298.5791015625,2.9495120178059864
2020-09-21 17:00:00+00:00,10126.0,9696.645,429.35546875,429.35546875,4.240129061327276
2020-09-21 18:00:00+00:00,10227.0,9519.4375,707.5625,707.5625,6.918573384179133
2020-09-21 19:00:00+00:00,9659.0,9275.11,383.8896484375,383.8896484375,3.974424354876281
2020-09-21 20:00:00+00:00,9330.0,8887.172,442.828125,442.828125,4.746282154340836
2020-09-21 21:00:00+00:00,8866.0,8434.088,431.912109375,431.912109375,4.8715554858448
2020-09-21 22:00:00+00:00,8291.0,7962.8345,328.16552734375,328.16552734375,3.958093442814498
2020-09-21 23:00:00+00:00,8003.0,7630.742,372.2578125,372.2578125,4.651478351868049
2020-09-22 00:00:00+00:00,7761.0,7764.1426,-3.142578125,3.142578125,-0.04049192275479964
2020-09-22 01:00:00+00:00,7716.0,7721.292,-5.2919921875,5.2919921875,-0.06858465769180923
2020-09-22 02:00:00+00:00,7758.0,7877.067,-119.06689453125,119.06689453125,-1.5347627549787315
2020-09-22 03:00:00+00:00,8218.0,8221.196,-3.1962890625,3.1962890625,-0.038893758365782426
2020-09-22 04:00:00+00:00,9169.0,8753.206,415.7939453125,415.7939453125,4.534779641318573
2020-09-22 05:00:00+00:00,10143.0,9320.973,822.02734375,822.02734375,8.104380792171941
2020-09-22 06:00:00+00:00,10381.0,9790.131,590.869140625,590.869140625,5.691832584770253
2020-09-22 07:00:00+00:00,10484.0,10167.213,316.787109375,316.787109375,3.0216244694296073
2020-09-22 08:00:00+00:00,10401.0,10364.414,36.5859375,36.5859375,0.3517540380732622
2020-09-22 09:00:00+00:00,10341.0,10361.247,-20.2470703125,20.2470703125,-0.19579412351319989
2020-09-22 10:00:00+00:00,9971.0,10276.823,-305.8232421875,305.8232421875,-3.067127090437268
2020-09-22 11:00:00+00:00,9828.0,10196.762,-368.76171875,368.76171875,-3.75215424043549
2020-09-22 12:00:00+00:00,9669.0,10066.402,-397.40234375,397.40234375,-4.110066643396421
2020-09-22 13:00:00+00:00,9688.0,10040.808,-352.8076171875,352.8076171875,-3.6416971220840213
2020-09-22 14:00:00+00:00,9672.0,10007.29,-335.2900390625,335.2900390625,-3.4666050357992138
2020-09-22 15:00:00+00:00,10116.0,9996.494,119.505859375,119.505859375,1.1813548771747726
2020-09-22 16:00:00+00:00,10310.0,9995.253,314.7470703125,314.7470703125,3.052832883729389
2020-09-22 17:00:00+00:00,10190.0,9869.987,320.0126953125,320.0126953125,3.140458246442591
2020-09-22 18:00:00+00:00,10081.0,9724.299,356.701171875,356.701171875,3.5383510750421587
2020-09-22 19:00:00+00:00,9433.0,9494.534,-61.5341796875,61.5341796875,-0.6523288422294075
2020-09-22 20:00:00+00:00,9035.0,9197.177,-162.1767578125,162.1767578125,-1.794983484366353
2020-09-22 21:00:00+00:00,8779.0,8811.622,-32.6220703125,32.6220703125,-0.371592098331245
2020-09-22 22:00:00+00:00,8119.0,8427.663,-308.6630859375,308.6630859375,-3.801737725551176
2020-09-22 23:00:00+00:00,7622.0,8107.056,-485.05615234375,485.05615234375,-6.363895989815665
2020-09-23 00:00:00+00:00,7408.0,7676.8647,-268.86474609375,268.86474609375,-3.6293837215679
2020-09-23 01:00:00+00:00,7442.0,7734.9893,-292.9892578125,292.9892578125,-3.9369693336804623
2020-09-23 02:00:00+00:00,7588.0,8002.5566,-414.556640625,414.556640625,-5.4633189328545075
2020-09-23 03:00:00+00:00,7946.0,8452.816,-506.81640625,506.81640625,-6.378258321797131
2020-09-23 04:00:00+00:00,8975.0,9045.944,-70.9443359375,70.9443359375,-0.7904661385793871
2020-09-23 05:00:00+00:00,9790.0,9593.982,196.017578125,196.017578125,2.002222452757916
2020-09-23 06:00:00+00:00,10194.0,10029.669,164.3310546875,164.3310546875,1.6120370285216794
2020-09-23 07:00:00+00:00,10317.0,10315.786,1.2138671875,1.2138671875,0.01176569921004168
2020-09-23 08:00:00+00:00,10007.0,10396.498,-389.498046875,389.498046875,-3.8922558896272608
2020-09-23 09:00:00+00:00,10112.0,10362.725,-250.724609375,250.724609375,-2.4794759629647944
2020-09-23 10:00:00+00:00,10141.0,10231.991,-90.9912109375,90.9912109375,-0.897260733039148
2020-09-23 11:00:00+00:00,9795.0,10120.594,-325.59375,325.59375,-3.324081163859112
2020-09-23 12:00:00+00:00,9826.0,10046.779,-220.779296875,220.779296875,-2.2468888344697744
2020-09-23 13:00:00+00:00,9865.0,10016.975,-151.974609375,151.974609375,-1.5405434300557526
2020-09-23 14:00:00+00:00,9847.0,9975.52,-128.51953125,128.51953125,-1.305164326698487
2020-09-23 15:00:00+00:00,10434.0,9974.796,459.2041015625,459.2041015625,4.4010360510111175
2020-09-23 16:00:00+00:00,10301.0,9947.738,353.26171875,353.26171875,3.4293924740316473
2020-09-23 17:00:00+00:00,9363.0,9778.08,-415.080078125,415.080078125,-4.433195323347218
2020-09-23 18:00:00+00:00,9774.0,9599.254,174.74609375,174.74609375,1.7878667254962146
2020-09-23 19:00:00+00:00,9680.0,9326.877,353.123046875,353.123046875,3.6479653602789255
2020-09-23 20:00:00+00:00,9138.0,8968.941,169.05859375,169.05859375,1.850061214160648
2020-09-23 21:00:00+00:00,8576.0,8564.012,11.98828125,11.98828125,0.13978872726212688
2020-09-23 22:00:00+00:00,8002.0,8167.154,-165.15380859375,165.15380859375,-2.0639066307641842
2020-09-23 23:00:00+00:00,7514.0,7879.0864,-365.08642578125,365.08642578125,-4.8587493449727175
2020-09-24 00:00:00+00:00,7291.0,7579.5073,-288.50732421875,288.50732421875,-3.957033660934714
2020-09-24 01:00:00+00:00,7212.0,7630.2734,-418.2734375,418.2734375,-5.799687153355518
2020-09-24 02:00:00+00:00,7529.0,7905.706,-376.7060546875,376.7060546875,-5.003400912305751
2020-09-24 03:00:00+00:00,7935.0,8374.863,-439.86328125,439.86328125,-5.543330576559546
2020-09-24 04:00:00+00:00,9004.0,8983.2,20.7998046875,20.7998046875,0.23100627151821412
2020-09-24 05:00:00+00:00,9663.0,9528.886,134.1142578125,134.1142578125,1.3879153245627651
2020-09-24 06:00:00+00:00,9727.0,9967.707,-240.70703125,240.70703125,-2.4746276472704842
2020-09-24 07:00:00+00:00,9769.0,10243.072,-474.072265625,474.072265625,-4.852822864418057
2020-09-24 08:00:00+00:00,9654.0,10311.434,-657.43359375,657.43359375,-6.809960573337477
2020-09-24 09:00:00+00:00,9635.0,10280.991,-645.9912109375,645.9912109375,-6.704631146211729
2020-09-24 10:00:00+00:00,9452.0,10134.307,-682.306640625,682.306640625,-7.218648335008464
2020-09-24 11:00:00+00:00,9506.0,10010.126,-504.1259765625,504.1259765625,-5.303239812355354
2020-09-24 12:00:00+00:00,9515.0,9938.305,-423.3046875,423.3046875,-4.448814372044141
2020-09-24 13:00:00+00:00,9721.0,9892.251,-171.2509765625,171.2509765625,-1.7616600819102972
2020-09-24 14:00:00+00:00,9976.0,9861.942,114.0576171875,114.0576171875,1.1433201402115076
2020-09-24 15:00:00+00:00,9978.0,9856.0625,121.9375,121.9375,1.2220635397875326
2020-09-24 16:00:00+00:00,10324.0,9846.061,477.939453125,477.939453125,4.629401909385897
2020-09-24 17:00:00+00:00,9979.0,9681.823,297.1767578125,297.1767578125,2.9780214231135385
2020-09-24 18:00:00+00:00,9661.0,9507.018,153.982421875,153.982421875,1.5938559349446226
2020-09-24 19:00:00+00:00,9641.0,9247.527,393.47265625,393.47265625,4.081243193133492
2020-09-24 20:00:00+00:00,8713.0,8873.846,-160.845703125,160.845703125,-1.8460427306897738
2020-09-24 21:00:00+00:00,8219.0,8455.353,-236.3525390625,236.3525390625,-2.8756848650991604
2020-09-24 22:00:00+00:00,8082.0,8042.6523,39.34765625,39.34765625,0.48685543491709976
2020-09-24 23:00:00+00:00,7704.0,7740.6826,-36.6826171875,36.6826171875,-0.4761502750194704
2020-09-25 00:00:00+00:00,7457.0,7386.1562,70.84375,70.84375,0.9500301729918198
2020-09-25 01:00:00+00:00,7208.0,7343.571,-135.57080078125,135.57080078125,-1.8808379686632908
2020-09-25 02:00:00+00:00,7254.0,7534.6636,-280.66357421875,280.66357421875,-3.869087044647781
2020-09-25 03:00:00+00:00,7659.0,7855.728,-196.72802734375,196.72802734375,-2.5685863342962527
2020-09-25 04:00:00+00:00,9028.0,8329.001,698.9990234375,698.9990234375,7.742567827176562
2020-09-25 05:00:00+00:00,10026.0,8704.292,1321.7080078125,1321.7080078125,13.182804785682226
2020-09-25 06:00:00+00:00,10382.0,9038.527,1343.47265625,1343.47265625,12.94040316172221
2020-09-25 07:00:00+00:00,10387.0,9222.935,1164.0654296875,1164.0654296875,11.206945505800519
2020-09-25 08:00:00+00:00,10410.0,9264.69,1145.3095703125,1145.3095703125,11.002013163424591
2020-09-25 09:00:00+00:00,10518.0,9202.612,1315.3876953125,1315.3876953125,12.506062895155923
2020-09-25 10:00:00+00:00,10057.0,9062.261,994.7392578125,994.7392578125,9.891013799468032
2020-09-25 11:00:00+00:00,9756.0,8938.593,817.4072265625,817.4072265625,8.378507857344198
2020-09-25 12:00:00+00:00,9703.0,8896.065,806.9345703125,806.9345703125,8.316341031768525
2020-09-25 13:00:00+00:00,9491.0,8864.73,626.26953125,626.26953125,6.5985621246444
2020-09-25 14:00:00+00:00,9667.0,8863.724,803.2763671875,803.2763671875,8.309468989215889
2020-09-25 15:00:00+00:00,9800.0,8923.588,876.412109375,876.412109375,8.942980707908163
2020-09-25 16:00:00+00:00,9798.0,8932.49,865.509765625,865.509765625,8.83353506455399
2020-09-25 17:00:00+00:00,9937.0,8862.886,1074.1142578125,1074.1142578125,10.809240795134347
2020-09-25 18:00:00+00:00,9774.0,8738.941,1035.05859375,1035.05859375,10.589918086249233
2020-09-25 19:00:00+00:00,9164.0,8539.019,624.9814453125,624.9814453125,6.819963392759712
2020-09-25 20:00:00+00:00,8863.0,8213.218,649.7822265625,649.7822265625,7.331402759364774
2020-09-25 21:00:00+00:00,8297.0,7845.5283,451.4716796875,451.4716796875,5.441384593075811
2020-09-25 22:00:00+00:00,7886.0,7492.592,393.408203125,393.408203125,4.988691391389804
2020-09-25 23:00:00+00:00,7350.0,7219.925,130.0751953125,130.0751953125,1.769730548469388
2020-09-26 00:00:00+00:00,7076.0,7288.1357,-212.1357421875,212.1357421875,-2.9979613084723007
2020-09-26 01:00:00+00:00,7094.0,7191.619,-97.619140625,97.619140625,-1.376080358401466
2020-09-26 02:00:00+00:00,6965.0,7314.88,-349.8798828125,349.8798828125,-5.0234010454056
2020-09-26 03:00:00+00:00,6960.0,7556.656,-596.65576171875,596.65576171875,-8.572640254579742
2020-09-26 04:00:00+00:00,7225.0,7968.145,-743.14501953125,743.14501953125,-10.285744214965398
2020-09-26 05:00:00+00:00,7522.0,8332.472,-810.4716796875,810.4716796875,-10.774683324747407
2020-09-26 06:00:00+00:00,8099.0,8649.148,-550.1484375,550.1484375,-6.792794635140141
2020-09-26 07:00:00+00:00,8658.0,8853.327,-195.3271484375,195.3271484375,-2.2560308204839457
2020-09-26 08:00:00+00:00,9001.0,8908.151,92.8486328125,92.8486328125,1.0315368604877235
2020-09-26 09:00:00+00:00,9177.0,8867.718,309.2822265625,309.2822265625,3.3701888042116157
2020-09-26 10:00:00+00:00,9339.0,8740.665,598.3349609375,598.3349609375,6.406841856060606
2020-09-26 11:00:00+00:00,9031.0,8619.845,411.1552734375,411.1552734375,4.552710369145166
2020-09-26 12:00:00+00:00,8827.0,8572.497,254.5029296875,254.5029296875,2.8832324650220915
2020-09-26 13:00:00+00:00,8906.0,8555.633,350.3671875,350.3671875,3.9340577981136313
2020-09-26 14:00:00+00:00,8627.0,8573.395,53.60546875,53.60546875,0.6213685956879564
2020-09-26 15:00:00+00:00,8704.0,8660.129,43.87109375,43.87109375,0.5040337057674632
2020-09-26 16:00:00+00:00,9193.0,8684.262,508.73828125,508.73828125,5.5339745594474055
2020-09-26 17:00:00+00:00,9238.0,8637.427,600.5732421875,600.5732421875,6.501117581592336
2020-09-26 18:00:00+00:00,9054.0,8551.103,502.8974609375,502.8974609375,5.55442302780539
2020-09-26 19:00:00+00:00,8563.0,8354.682,208.318359375,208.318359375,2.4327730862431394
2020-09-26 20:00:00+00:00,8225.0,8066.7793,158.220703125,158.220703125,1.9236559650455924
2020-09-26 21:00:00+00:00,7964.0,7725.887,238.11279296875,238.11279296875,2.989864301465972
2020-09-26 22:00:00+00:00,7183.0,7390.945,-207.94482421875,207.94482421875,-2.8949578758005012
2020-09-26 23:00:00+00:00,6832.0,7116.896,-284.89599609375,284.89599609375,-4.1700233620279565
2020-09-27 00:00:00+00:00,6545.0,6858.2764,-313.2763671875,313.2763671875,-4.786499116692132
2020-09-27 01:00:00+00:00,6342.0,6729.3325,-387.33251953125,387.33251953125,-6.107419103299432
2020-09-27 02:00:00+00:00,6439.0,6739.7964,-300.79638671875,300.79638671875,-4.671476731150023
2020-09-27 03:00:00+00:00,6589.0,6869.2427,-280.24267578125,280.24267578125,-4.253189797863864
2020-09-27 04:00:00+00:00,6833.0,7084.306,-251.30615234375,251.30615234375,-3.6778304162703055
2020-09-27 05:00:00+00:00,7054.0,7373.326,-319.326171875,319.326171875,-4.526880803444854
2020-09-27 06:00:00+00:00,7564.0,7585.3286,-21.32861328125,21.32861328125,-0.2819753210107086
2020-09-27 07:00:00+00:00,8169.0,7796.708,372.2919921875,372.2919921875,4.5573753481148245
2020-09-27 08:00:00+00:00,8340.0,7885.1714,454.82861328125,454.82861328125,5.453580494979017
2020-09-27 09:00:00+00:00,8606.0,7909.7285,696.271484375,696.271484375,8.090535491227051
2020-09-27 10:00:00+00:00,8659.0,7860.024,798.97607421875,798.97607421875,9.227117152312623
2020-09-27 11:00:00+00:00,8349.0,7781.942,567.05810546875,567.05810546875,6.791928440157504
2020-09-27 12:00:00+00:00,8231.0,7810.114,420.88623046875,420.88623046875,5.113427657256104
2020-09-27 13:00:00+00:00,8159.0,7800.0703,358.9296875,358.9296875,4.399187247211668
2020-09-27 14:00:00+00:00,8189.0,7881.934,307.06591796875,307.06591796875,3.74973645095555
2020-09-27 15:00:00+00:00,8591.0,7986.3604,604.6396484375,604.6396484375,7.038058997060878
2020-09-27 16:00:00+00:00,9030.0,8061.129,968.87109375,968.87109375,10.729469476744185
2020-09-27 17:00:00+00:00,9354.0,8097.292,1256.7080078125,1256.7080078125,13.434979771354499
2020-09-27 18:00:00+00:00,9152.0,8075.635,1076.365234375,1076.365234375,11.760983767209353
2020-09-27 19:00:00+00:00,8776.0,7929.746,846.25390625,846.25390625,9.642820262648131
2020-09-27 20:00:00+00:00,8508.0,7760.8,747.2001953125,747.2001953125,8.782324815614716
2020-09-27 21:00:00+00:00,8118.0,7529.028,588.97216796875,588.97216796875,7.255138802275807
2020-09-27 22:00:00+00:00,7805.0,7298.272,506.72802734375,506.72802734375,6.492351407351057
2020-09-27 23:00:00+00:00,7427.0,7123.031,303.96923828125,303.96923828125,4.0927593682678065
2020-09-28 00:00:00+00:00,7111.0,7380.101,-269.10107421875,269.10107421875,-3.7842929857790746
2020-09-28 01:00:00+00:00,7074.0,7354.9253,-280.92529296875,280.92529296875,-3.9712368245511733
2020-09-28 02:00:00+00:00,7127.0,7570.6787,-443.6787109375,443.6787109375,-6.225322168338712
2020-09-28 03:00:00+00:00,7672.0,8020.4756,-348.4755859375,348.4755859375,-4.542173956432482
2020-09-28 04:00:00+00:00,8810.0,8653.629,156.37109375,156.37109375,1.774927284335982
2020-09-28 05:00:00+00:00,9787.0,9297.421,489.5791015625,489.5791015625,5.002340876289976
2020-09-28 06:00:00+00:00,10296.0,9768.105,527.89453125,527.89453125,5.127180761946387
2020-09-28 07:00:00+00:00,10635.0,10147.673,487.3271484375,487.3271484375,4.5822957069816646
2020-09-28 08:00:00+00:00,10740.0,10295.575,444.4248046875,444.4248046875,4.1380335631983245
2020-09-28 09:00:00+00:00,10856.0,10258.7295,597.2705078125,597.2705078125,5.501754861942705
2020-09-28 10:00:00+00:00,10801.0,10133.378,667.6220703125,667.6220703125,6.181113510901769
2020-09-28 11:00:00+00:00,10643.0,10042.13,600.8701171875,600.8701171875,5.645683709362961
2020-09-28 12:00:00+00:00,10534.0,9940.223,593.77734375,593.77734375,5.636769923580786
2020-09-28 13:00:00+00:00,10336.0,9921.548,414.4521484375,414.4521484375,4.00979245779315
2020-09-28 14:00:00+00:00,10403.0,9940.432,462.568359375,462.568359375,4.44649004493896
2020-09-28 15:00:00+00:00,10800.0,9951.6045,848.3955078125,848.3955078125,7.855513961226852
2020-09-28 16:00:00+00:00,10820.0,9978.144,841.8564453125,841.8564453125,7.7805586442929755
2020-09-28 17:00:00+00:00,10750.0,9849.241,900.7587890625,900.7587890625,8.379151526162792
2020-09-28 18:00:00+00:00,10359.0,9692.218,666.7822265625,666.7822265625,6.4367431852736745
2020-09-28 19:00:00+00:00,9595.0,9442.817,152.1826171875,152.1826171875,1.5860616694893175
2020-09-28 20:00:00+00:00,9333.0,9078.406,254.59375,254.59375,2.727887603128683
2020-09-28 21:00:00+00:00,8910.0,8624.276,285.7236328125,285.7236328125,3.206774779040404
2020-09-28 22:00:00+00:00,8313.0,8168.268,144.73193359375,144.73193359375,1.7410313195446891
2020-09-28 23:00:00+00:00,7826.0,7817.9995,8.00048828125,8.00048828125,0.10222959725594172
2020-09-29 00:00:00+00:00,7722.0,7678.7534,43.24658203125,43.24658203125,0.5600437973484849
2020-09-29 01:00:00+00:00,7577.0,7628.6914,-51.69140625,51.69140625,-0.682214679292596
2020-09-29 02:00:00+00:00,7621.0,7789.607,-168.60693359375,168.60693359375,-2.212399076154704
2020-09-29 03:00:00+00:00,8050.0,8153.3843,-103.38427734375,103.38427734375,-1.2842767371894408
2020-09-29 04:00:00+00:00,9037.0,8711.189,325.810546875,325.810546875,3.605295417450481
2020-09-29 05:00:00+00:00,10078.0,9286.035,791.96484375,791.96484375,7.85835328190117
2020-09-29 06:00:00+00:00,10316.0,9771.936,544.064453125,544.064453125,5.273986556077937
2020-09-29 07:00:00+00:00,10223.0,10149.109,73.890625,73.890625,0.722788075907268
2020-09-29 08:00:00+00:00,10151.0,10342.551,-191.55078125,191.55078125,-1.8870139025711754
2020-09-29 09:00:00+00:00,10212.0,10334.644,-122.6435546875,122.6435546875,-1.2009748794310615
2020-09-29 10:00:00+00:00,10013.0,10234.073,-221.0732421875,221.0732421875,-2.207862201013682
2020-09-29 11:00:00+00:00,9994.0,10144.918,-150.91796875,150.91796875,-1.510085738943366
2020-09-29 12:00:00+00:00,9897.0,10023.539,-126.5390625,126.5390625,-1.2785597908457107
2020-09-29 13:00:00+00:00,9976.0,9999.901,-23.9013671875,23.9013671875,-0.23958868471832395
2020-09-29 14:00:00+00:00,10009.0,9982.282,26.7177734375,26.7177734375,0.2669374906334299
2020-09-29 15:00:00+00:00,10186.0,9972.104,213.896484375,213.896484375,2.0999065813371294
2020-09-29 16:00:00+00:00,10535.0,9988.579,546.4208984375,546.4208984375,5.1867194915757
2020-09-29 17:00:00+00:00,10723.0,9864.962,858.0380859375,858.0380859375,8.001847299612981
2020-09-29 18:00:00+00:00,10288.0,9722.1,565.900390625,565.900390625,5.500587000631804
2020-09-29 19:00:00+00:00,9552.0,9483.541,68.458984375,68.458984375,0.7166979101235343
2020-09-29 20:00:00+00:00,9324.0,9177.546,146.4541015625,146.4541015625,1.5707218099796225
2020-09-29 21:00:00+00:00,8986.0,8766.684,219.31640625,219.31640625,2.4406455180280435
2020-09-29 22:00:00+00:00,8233.0,8368.588,-135.587890625,135.587890625,-1.6468831607554961
2020-09-29 23:00:00+00:00,7834.0,8018.896,-184.89599609375,184.89599609375,-2.3601735523838396
2020-09-30 00:00:00+00:00,7576.0,7753.888,-177.88818359375,177.88818359375,-2.348048885873152
2020-09-30 01:00:00+00:00,7456.0,7762.4175,-306.41748046875,306.41748046875,-4.1096765084328055
2020-09-30 02:00:00+00:00,7583.0,7979.748,-396.748046875,396.748046875,-5.232072357576157
2020-09-30 03:00:00+00:00,7993.0,8383.097,-390.0966796875,390.0966796875,-4.880478915144502
2020-09-30 04:00:00+00:00,9026.0,8957.108,68.8916015625,68.8916015625,0.7632572741247508
2020-09-30 05:00:00+00:00,9904.0,9517.46,386.5400390625,386.5400390625,3.9028679226827547
2020-09-30 06:00:00+00:00,10419.0,9982.576,436.423828125,436.423828125,4.188730474373741
2020-09-30 07:00:00+00:00,10558.0,10313.621,244.37890625,244.37890625,2.3146325653532864
2020-09-30 08:00:00+00:00,10489.0,10438.681,50.3193359375,50.3193359375,0.47973434967585094
2020-09-30 09:00:00+00:00,10505.0,10422.689,82.310546875,82.310546875,0.783536857448834
2020-09-30 10:00:00+00:00,10197.0,10306.953,-109.953125,109.953125,-1.0782889575365304
2020-09-30 11:00:00+00:00,10107.0,10200.024,-93.0244140625,93.0244140625,-0.9203959044474127
2020-09-30 12:00:00+00:00,10037.0,10103.37,-66.3701171875,66.3701171875,-0.6612545301135798
2020-09-30 13:00:00+00:00,10000.0,10070.766,-70.765625,70.765625,-0.70765625
2020-09-30 14:00:00+00:00,9977.0,10027.454,-50.4541015625,50.4541015625,-0.5057041351358124
2020-09-30 15:00:00+00:00,10140.0,10027.409,112.5908203125,112.5908203125,1.1103631194526626
2020-09-30 16:00:00+00:00,10454.0,10004.731,449.2685546875,449.2685546875,4.297575613999427
2020-09-30 17:00:00+00:00,10317.0,9850.405,466.5947265625,466.5947265625,4.5225814341620625
2020-09-30 18:00:00+00:00,10135.0,9689.059,445.94140625,445.94140625,4.400013875185003
2020-09-30 19:00:00+00:00,9402.0,9422.924,-20.923828125,20.923828125,-0.22254656589023614
2020-09-30 20:00:00+00:00,9219.0,9092.506,126.494140625,126.494140625,1.3721026209458727
2020-09-30 21:00:00+00:00,8763.0,8689.192,73.8076171875,73.8076171875,0.8422642609551523
2020-09-30 22:00:00+00:00,8131.0,8300.213,-169.212890625,169.212890625,-2.081083392264174
2020-09-30 23:00:00+00:00,7837.0,7992.019,-155.01904296875,155.01904296875,-1.9780406146325127
