timestamp,actual,forecast
2020-09-26 00:00:00+00:00,4903.0,4809.813
2020-09-26 01:00:00+00:00,4761.0,4695.671
2020-09-26 02:00:00+00:00,4876.0,4733.453
2020-09-26 03:00:00+00:00,5112.0,4965.8706
2020-09-26 04:00:00+00:00,5435.0,5427.788
2020-09-26 05:00:00+00:00,5909.0,5929.9053
2020-09-26 06:00:00+00:00,6311.0,6329.118
2020-09-26 07:00:00+00:00,6564.0,6528.4194
2020-09-26 08:00:00+00:00,6717.0,6607.2046
2020-09-26 09:00:00+00:00,6800.0,6580.811
2020-09-26 10:00:00+00:00,6588.0,6439.514
2020-09-26 11:00:00+00:00,6429.0,6268.888
2020-09-26 12:00:00+00:00,6179.0,6146.902
2020-09-26 13:00:00+00:00,6165.0,6127.5967
2020-09-26 14:00:00+00:00,6195.0,6141.739
2020-09-26 15:00:00+00:00,6293.0,6168.6753
2020-09-26 16:00:00+00:00,6421.0,6217.3984
2020-09-26 17:00:00+00:00,6449.0,6163.8
2020-09-26 18:00:00+00:00,6206.0,5974.353
2020-09-26 19:00:00+00:00,5794.0,5745.366
2020-09-26 20:00:00+00:00,5648.0,5464.845
2020-09-26 21:00:00+00:00,5245.0,5166.8955
2020-09-26 22:00:00+00:00,4981.0,4869.269
2020-09-26 23:00:00+00:00,4663.0,4662.863
2020-09-26 01:00:00+00:00,4761.0,4731.6284
2020-09-26 02:00:00+00:00,4876.0,4722.458
2020-09-26 03:00:00+00:00,5112.0,4936.377
2020-09-26 04:00:00+00:00,5435.0,5350.222
2020-09-26 05:00:00+00:00,5909.0,5872.3994
2020-09-26 06:00:00+00:00,6311.0,6284.439
2020-09-26 07:00:00+00:00,6564.0,6533.802
2020-09-26 08:00:00+00:00,6717.0,6592.991
2020-09-26 09:00:00+00:00,6800.0,6543.509
2020-09-26 10:00:00+00:00,6588.0,6414.294
2020-09-26 11:00:00+00:00,6429.0,6253.229
2020-09-26 12:00:00+00:00,6179.0,6142.8354
2020-09-26 13:00:00+00:00,6165.0,6096.098
2020-09-26 14:00:00+00:00,6195.0,6144.446
2020-09-26 15:00:00+00:00,6293.0,6211.7095
2020-09-26 16:00:00+00:00,6421.0,6224.8994
2020-09-26 17:00:00+00:00,6449.0,6190.3047
2020-09-26 18:00:00+00:00,6206.0,6035.429
2020-09-26 19:00:00+00:00,5794.0,5773.438
2020-09-26 20:00:00+00:00,5648.0,5497.818
2020-09-26 21:00:00+00:00,5245.0,5208.5474
2020-09-26 22:00:00+00:00,4981.0,4940.1553
2020-09-26 23:00:00+00:00,4663.0,4698.14
2020-09-27 00:00:00+00:00,4623.0,4527.112
2020-09-26 02:00:00+00:00,4876.0,4689.5967
2020-09-26 03:00:00+00:00,5112.0,4911.4575
2020-09-26 04:00:00+00:00,5435.0,5345.785
2020-09-26 05:00:00+00:00,5909.0,5822.1045
2020-09-26 06:00:00+00:00,6311.0,6237.313
2020-09-26 07:00:00+00:00,6564.0,6495.3735
2020-09-26 08:00:00+00:00,6717.0,6616.609
2020-09-26 09:00:00+00:00,6800.0,6579.7754
2020-09-26 10:00:00+00:00,6588.0,6452.145
2020-09-26 11:00:00+00:00,6429.0,6300.661
2020-09-26 12:00:00+00:00,6179.0,6168.5884
2020-09-26 13:00:00+00:00,6165.0,6093.35
2020-09-26 14:00:00+00:00,6195.0,6077.505
2020-09-26 15:00:00+00:00,6293.0,6157.138
2020-09-26 16:00:00+00:00,6421.0,6199.5737
2020-09-26 17:00:00+00:00,6449.0,6119.1265
2020-09-26 18:00:00+00:00,6206.0,5993.6206
2020-09-26 19:00:00+00:00,5794.0,5796.7437
2020-09-26 20:00:00+00:00,5648.0,5529.294
2020-09-26 21:00:00+00:00,5245.0,5231.5635
2020-09-26 22:00:00+00:00,4981.0,4932.6074
2020-09-26 23:00:00+00:00,4663.0,4684.6167
2020-09-27 00:00:00+00:00,4623.0,4491.196
2020-09-27 01:00:00+00:00,4546.0,4389.498
2020-09-26 03:00:00+00:00,5112.0,5063.9355
2020-09-26 04:00:00+00:00,5435.0,5477.5786
2020-09-26 05:00:00+00:00,5909.0,5959.468
2020-09-26 06:00:00+00:00,6311.0,6323.343
2020-09-26 07:00:00+00:00,6564.0,6543.8066
2020-09-26 08:00:00+00:00,6717.0,6630.9106
2020-09-26 09:00:00+00:00,6800.0,6632.277
2020-09-26 10:00:00+00:00,6588.0,6504.9097
2020-09-26 11:00:00+00:00,6429.0,6329.2515
2020-09-26 12:00:00+00:00,6179.0,6192.9043
2020-09-26 13:00:00+00:00,6165.0,6145.816
2020-09-26 14:00:00+00:00,6195.0,6170.4434
2020-09-26 15:00:00+00:00,6293.0,6206.0483
2020-09-26 16:00:00+00:00,6421.0,6243.0405
2020-09-26 17:00:00+00:00,6449.0,6172.297
2020-09-26 18:00:00+00:00,6206.0,5976.499
2020-09-26 19:00:00+00:00,5794.0,5764.216
2020-09-26 20:00:00+00:00,5648.0,5501.913
2020-09-26 21:00:00+00:00,5245.0,5209.492
2020-09-26 22:00:00+00:00,4981.0,4929.2095
2020-09-26 23:00:00+00:00,4663.0,4690.8203
2020-09-27 00:00:00+00:00,4623.0,4506.004
2020-09-27 01:00:00+00:00,4546.0,4388.1836
2020-09-27 02:00:00+00:00,4537.0,4422.582
2020-09-26 04:00:00+00:00,5435.0,5487.22
2020-09-26 05:00:00+00:00,5909.0,5980.043
2020-09-26 06:00:00+00:00,6311.0,6393.164
2020-09-26 07:00:00+00:00,6564.0,6618.198
2020-09-26 08:00:00+00:00,6717.0,6670.835
2020-09-26 09:00:00+00:00,6800.0,6591.789
2020-09-26 10:00:00+00:00,6588.0,6468.5693
2020-09-26 11:00:00+00:00,6429.0,6295.5654
2020-09-26 12:00:00+00:00,6179.0,6139.7363
2020-09-26 13:00:00+00:00,6165.0,6033.7905
2020-09-26 14:00:00+00:00,6195.0,6057.649
2020-09-26 15:00:00+00:00,6293.0,6171.746
2020-09-26 16:00:00+00:00,6421.0,6248.9966
2020-09-26 17:00:00+00:00,6449.0,6212.03
2020-09-26 18:00:00+00:00,6206.0,6013.4863
2020-09-26 19:00:00+00:00,5794.0,5716.2915
2020-09-26 20:00:00+00:00,5648.0,5464.013
2020-09-26 21:00:00+00:00,5245.0,5194.0156
2020-09-26 22:00:00+00:00,4981.0,4933.055
2020-09-26 23:00:00+00:00,4663.0,4706.447
2020-09-27 00:00:00+00:00,4623.0,4528.154
2020-09-27 01:00:00+00:00,4546.0,4403.665
2020-09-27 02:00:00+00:00,4537.0,4374.5806
2020-09-27 03:00:00+00:00,4670.0,4563.5615
2020-09-26 05:00:00+00:00,5909.0,5804.12
2020-09-26 06:00:00+00:00,6311.0,6229.798
2020-09-26 07:00:00+00:00,6564.0,6511.8853
2020-09-26 08:00:00+00:00,6717.0,6610.564
2020-09-26 09:00:00+00:00,6800.0,6563.9927
2020-09-26 10:00:00+00:00,6588.0,6404.814
2020-09-26 11:00:00+00:00,6429.0,6242.3257
2020-09-26 12:00:00+00:00,6179.0,6092.6606
2020-09-26 13:00:00+00:00,6165.0,6018.7095
2020-09-26 14:00:00+00:00,6195.0,6000.919
2020-09-26 15:00:00+00:00,6293.0,6073.2837
2020-09-26 16:00:00+00:00,6421.0,6135.2583
2020-09-26 17:00:00+00:00,6449.0,6079.2065
2020-09-26 18:00:00+00:00,6206.0,5923.6787
2020-09-26 19:00:00+00:00,5794.0,5689.2114
2020-09-26 20:00:00+00:00,5648.0,5414.285
2020-09-26 21:00:00+00:00,5245.0,5186.0713
2020-09-26 22:00:00+00:00,4981.0,4945.254
2020-09-26 23:00:00+00:00,4663.0,4726.5874
2020-09-27 00:00:00+00:00,4623.0,4547.837
2020-09-27 01:00:00+00:00,4546.0,4413.731
2020-09-27 02:00:00+00:00,4537.0,4379.042
2020-09-27 03:00:00+00:00,4670.0,4486.9
2020-09-27 04:00:00+00:00,4869.0,4809.0015
2020-09-26 06:00:00+00:00,6311.0,6140.361
2020-09-26 07:00:00+00:00,6564.0,6427.8135
2020-09-26 08:00:00+00:00,6717.0,6576.303
2020-09-26 09:00:00+00:00,6800.0,6564.36
2020-09-26 10:00:00+00:00,6588.0,6446.188
2020-09-26 11:00:00+00:00,6429.0,6285.7285
2020-09-26 12:00:00+00:00,6179.0,6183.437
2020-09-26 13:00:00+00:00,6165.0,6082.8276
2020-09-26 14:00:00+00:00,6195.0,6042.2383
2020-09-26 15:00:00+00:00,6293.0,6047.7954
2020-09-26 16:00:00+00:00,6421.0,6103.737
2020-09-26 17:00:00+00:00,6449.0,6077.076
2020-09-26 18:00:00+00:00,6206.0,5906.459
2020-09-26 19:00:00+00:00,5794.0,5701.163
2020-09-26 20:00:00+00:00,5648.0,5475.6006
2020-09-26 21:00:00+00:00,5245.0,5206.138
2020-09-26 22:00:00+00:00,4981.0,4979.7495
2020-09-26 23:00:00+00:00,4663.0,4768.5293
2020-09-27 00:00:00+00:00,4623.0,4590.6777
2020-09-27 01:00:00+00:00,4546.0,4440.623
2020-09-27 02:00:00+00:00,4537.0,4349.307
2020-09-27 03:00:00+00:00,4670.0,4406.4834
2020-09-27 04:00:00+00:00,4869.0,4623.3906
2020-09-27 05:00:00+00:00,5206.0,4995.2554
2020-09-26 07:00:00+00:00,6564.0,6405.3657
2020-09-26 08:00:00+00:00,6717.0,6538.5127
2020-09-26 09:00:00+00:00,6800.0,6537.088
2020-09-26 10:00:00+00:00,6588.0,6413.925
2020-09-26 11:00:00+00:00,6429.0,6251.0044
2020-09-26 12:00:00+00:00,6179.0,6114.2725
2020-09-26 13:00:00+00:00,6165.0,6084.0063
2020-09-26 14:00:00+00:00,6195.0,6060.46
2020-09-26 15:00:00+00:00,6293.0,6067.26
2020-09-26 16:00:00+00:00,6421.0,6058.545
2020-09-26 17:00:00+00:00,6449.0,6032.509
2020-09-26 18:00:00+00:00,6206.0,5920.7114
2020-09-26 19:00:00+00:00,5794.0,5703.9663
2020-09-26 20:00:00+00:00,5648.0,5486.2393
2020-09-26 21:00:00+00:00,5245.0,5248.3945
2020-09-26 22:00:00+00:00,4981.0,4975.8857
2020-09-26 23:00:00+00:00,4663.0,4767.1914
2020-09-27 00:00:00+00:00,4623.0,4591.278
2020-09-27 01:00:00+00:00,4546.0,4467.2227
2020-09-27 02:00:00+00:00,4537.0,4411.1387
2020-09-27 03:00:00+00:00,4670.0,4468.449
2020-09-27 04:00:00+00:00,4869.0,4680.4834
2020-09-27 05:00:00+00:00,5206.0,4967.592
2020-09-27 06:00:00+00:00,5444.0,5298.696
2020-09-26 08:00:00+00:00,6717.0,6568.3574
2020-09-26 09:00:00+00:00,6800.0,6532.738
2020-09-26 10:00:00+00:00,6588.0,6401.6543
2020-09-26 11:00:00+00:00,6429.0,6245.6
2020-09-26 12:00:00+00:00,6179.0,6125.774
2020-09-26 13:00:00+00:00,6165.0,6046.1597
2020-09-26 14:00:00+00:00,6195.0,6068.7812
2020-09-26 15:00:00+00:00,6293.0,6091.2393
2020-09-26 16:00:00+00:00,6421.0,6098.532
2020-09-26 17:00:00+00:00,6449.0,6028.141
2020-09-26 18:00:00+00:00,6206.0,5903.955
2020-09-26 19:00:00+00:00,5794.0,5726.609
2020-09-26 20:00:00+00:00,5648.0,5484.7446
2020-09-26 21:00:00+00:00,5245.0,5255.768
2020-09-26 22:00:00+00:00,4981.0,5018.892
2020-09-26 23:00:00+00:00,4663.0,4779.798
2020-09-27 00:00:00+00:00,4623.0,4617.9946
2020-09-27 01:00:00+00:00,4546.0,4498.394
2020-09-27 02:00:00+00:00,4537.0,4470.6396
2020-09-27 03:00:00+00:00,4670.0,4573.658
2020-09-27 04:00:00+00:00,4869.0,4796.8726
2020-09-27 05:00:00+00:00,5206.0,5080.765
2020-09-27 06:00:00+00:00,5444.0,5316.7886
2020-09-27 07:00:00+00:00,5656.0,5521.996
2020-09-26 09:00:00+00:00,6800.0,6580.8354
2020-09-26 10:00:00+00:00,6588.0,6472.7075
2020-09-26 11:00:00+00:00,6429.0,6314.7314
2020-09-26 12:00:00+00:00,6179.0,6173.544
2020-09-26 13:00:00+00:00,6165.0,6079.906
2020-09-26 14:00:00+00:00,6195.0,6029.7935
2020-09-26 15:00:00+00:00,6293.0,6073.4253
2020-09-26 16:00:00+00:00,6421.0,6093.5103
2020-09-26 17:00:00+00:00,6449.0,6057.532
2020-09-26 18:00:00+00:00,6206.0,5934.9287
2020-09-26 19:00:00+00:00,5794.0,5765.617
2020-09-26 20:00:00+00:00,5648.0,5557.258
2020-09-26 21:00:00+00:00,5245.0,5293.2935
2020-09-26 22:00:00+00:00,4981.0,5059.4854
2020-09-26 23:00:00+00:00,4663.0,4831.398
2020-09-27 00:00:00+00:00,4623.0,4615.899
2020-09-27 01:00:00+00:00,4546.0,4484.252
2020-09-27 02:00:00+00:00,4537.0,4417.414
2020-09-27 03:00:00+00:00,4670.0,4479.465
2020-09-27 04:00:00+00:00,4869.0,4706.525
2020-09-27 05:00:00+00:00,5206.0,5029.526
2020-09-27 06:00:00+00:00,5444.0,5343.6475
2020-09-27 07:00:00+00:00,5656.0,5560.586
2020-09-27 08:00:00+00:00,5871.0,5723.6025
2020-09-26 10:00:00+00:00,6588.0,6523.2056
2020-09-26 11:00:00+00:00,6429.0,6346.1436
2020-09-26 12:00:00+00:00,6179.0,6194.8984
2020-09-26 13:00:00+00:00,6165.0,6128.8984
2020-09-26 14:00:00+00:00,6195.0,6112.836
2020-09-26 15:00:00+00:00,6293.0,6090.9966
2020-09-26 16:00:00+00:00,6421.0,6094.029
2020-09-26 17:00:00+00:00,6449.0,6038.143
2020-09-26 18:00:00+00:00,6206.0,5919.071
2020-09-26 19:00:00+00:00,5794.0,5739.8174
2020-09-26 20:00:00+00:00,5648.0,5538.398
2020-09-26 21:00:00+00:00,5245.0,5307.5654
2020-09-26 22:00:00+00:00,4981.0,5032.689
2020-09-26 23:00:00+00:00,4663.0,4801.251
2020-09-27 00:00:00+00:00,4623.0,4575.8086
2020-09-27 01:00:00+00:00,4546.0,4388.4634
2020-09-27 02:00:00+00:00,4537.0,4346.4453
2020-09-27 03:00:00+00:00,4670.0,4424.501
2020-09-27 04:00:00+00:00,4869.0,4617.267
2020-09-27 05:00:00+00:00,5206.0,4922.4478
2020-09-27 06:00:00+00:00,5444.0,5259.8345
2020-09-27 07:00:00+00:00,5656.0,5548.293
2020-09-27 08:00:00+00:00,5871.0,5724.692
2020-09-27 09:00:00+00:00,5999.0,5828.251
2020-09-26 11:00:00+00:00,6429.0,6283.917
2020-09-26 12:00:00+00:00,6179.0,6121.517
2020-09-26 13:00:00+00:00,6165.0,6027.865
2020-09-26 14:00:00+00:00,6195.0,6032.6987
2020-09-26 15:00:00+00:00,6293.0,6082.0464
2020-09-26 16:00:00+00:00,6421.0,6078.971
2020-09-26 17:00:00+00:00,6449.0,6036.8066
2020-09-26 18:00:00+00:00,6206.0,5899.5884
2020-09-26 19:00:00+00:00,5794.0,5705.9785
2020-09-26 20:00:00+00:00,5648.0,5484.266
2020-09-26 21:00:00+00:00,5245.0,5256.6523
2020-09-26 22:00:00+00:00,4981.0,5031.109
2020-09-26 23:00:00+00:00,4663.0,4795.4688
2020-09-27 00:00:00+00:00,4623.0,4627.8564
2020-09-27 01:00:00+00:00,4546.0,4454.327
2020-09-27 02:00:00+00:00,4537.0,4342.5693
2020-09-27 03:00:00+00:00,4670.0,4429.5894
2020-09-27 04:00:00+00:00,4869.0,4664.9023
2020-09-27 05:00:00+00:00,5206.0,4942.0835
2020-09-27 06:00:00+00:00,5444.0,5225.139
2020-09-27 07:00:00+00:00,5656.0,5475.5054
2020-09-27 08:00:00+00:00,5871.0,5661.732
2020-09-27 09:00:00+00:00,5999.0,5734.4272
2020-09-27 10:00:00+00:00,5771.0,5742.2505
2020-09-26 12:00:00+00:00,6179.0,6149.865
2020-09-26 13:00:00+00:00,6165.0,6057.956
2020-09-26 14:00:00+00:00,6195.0,6042.5757
2020-09-26 15:00:00+00:00,6293.0,6090.875
2020-09-26 16:00:00+00:00,6421.0,6123.7144
2020-09-26 17:00:00+00:00,6449.0,6069.913
2020-09-26 18:00:00+00:00,6206.0,5964.5337
2020-09-26 19:00:00+00:00,5794.0,5764.396
2020-09-26 20:00:00+00:00,5648.0,5503.187
2020-09-26 21:00:00+00:00,5245.0,5225.069
2020-09-26 22:00:00+00:00,4981.0,4981.355
2020-09-26 23:00:00+00:00,4663.0,4771.7544
2020-09-27 00:00:00+00:00,4623.0,4569.682
2020-09-27 01:00:00+00:00,4546.0,4445.5903
2020-09-27 02:00:00+00:00,4537.0,4372.912
2020-09-27 03:00:00+00:00,4670.0,4418.2275
2020-09-27 04:00:00+00:00,4869.0,4669.88
2020-09-27 05:00:00+00:00,5206.0,5004.5337
2020-09-27 06:00:00+00:00,5444.0,5301.137
2020-09-27 07:00:00+00:00,5656.0,5556.1865
2020-09-27 08:00:00+00:00,5871.0,5733.111
2020-09-27 09:00:00+00:00,5999.0,5782.231
2020-09-27 10:00:00+00:00,5771.0,5696.1274
2020-09-27 11:00:00+00:00,5636.0,5601.0547
2020-09-26 13:00:00+00:00,6165.0,6013.787
2020-09-26 14:00:00+00:00,6195.0,6023.658
2020-09-26 15:00:00+00:00,6293.0,6111.786
2020-09-26 16:00:00+00:00,6421.0,6180.4927
2020-09-26 17:00:00+00:00,6449.0,6132.3984
2020-09-26 18:00:00+00:00,6206.0,5987.144
2020-09-26 19:00:00+00:00,5794.0,5821.8574
2020-09-26 20:00:00+00:00,5648.0,5581.807
2020-09-26 21:00:00+00:00,5245.0,5288.7334
2020-09-26 22:00:00+00:00,4981.0,5000.0024
2020-09-26 23:00:00+00:00,4663.0,4772.576
2020-09-27 00:00:00+00:00,4623.0,4580.316
2020-09-27 01:00:00+00:00,4546.0,4424.27
2020-09-27 02:00:00+00:00,4537.0,4419.715
2020-09-27 03:00:00+00:00,4670.0,4531.2153
2020-09-27 04:00:00+00:00,4869.0,4719.7446
2020-09-27 05:00:00+00:00,5206.0,5015.545
2020-09-27 06:00:00+00:00,5444.0,5313.437
2020-09-27 07:00:00+00:00,5656.0,5542.227
2020-09-27 08:00:00+00:00,5871.0,5707.5884
2020-09-27 09:00:00+00:00,5999.0,5756.369
2020-09-27 10:00:00+00:00,5771.0,5665.4673
2020-09-27 11:00:00+00:00,5636.0,5482.565
2020-09-27 12:00:00+00:00,5475.0,5359.5933
2020-09-26 14:00:00+00:00,6195.0,6147.656
2020-09-26 15:00:00+00:00,6293.0,6179.7017
2020-09-26 16:00:00+00:00,6421.0,6215.6636
2020-09-26 17:00:00+00:00,6449.0,6173.593
2020-09-26 18:00:00+00:00,6206.0,6012.039
2020-09-26 19:00:00+00:00,5794.0,5794.8765
2020-09-26 20:00:00+00:00,5648.0,5583.785
2020-09-26 21:00:00+00:00,5245.0,5314.1206
2020-09-26 22:00:00+00:00,4981.0,5026.42
2020-09-26 23:00:00+00:00,4663.0,4767.3643
2020-09-27 00:00:00+00:00,4623.0,4580.4336
2020-09-27 01:00:00+00:00,4546.0,4429.2544
2020-09-27 02:00:00+00:00,4537.0,4352.088
2020-09-27 03:00:00+00:00,4670.0,4465.3916
2020-09-27 04:00:00+00:00,4869.0,4708.849
2020-09-27 05:00:00+00:00,5206.0,4973.7344
2020-09-27 06:00:00+00:00,5444.0,5283.6055
2020-09-27 07:00:00+00:00,5656.0,5554.9097
2020-09-27 08:00:00+00:00,5871.0,5719.646
2020-09-27 09:00:00+00:00,5999.0,5774.757
2020-09-27 10:00:00+00:00,5771.0,5707.5522
2020-09-27 11:00:00+00:00,5636.0,5571.9077
2020-09-27 12:00:00+00:00,5475.0,5410.7363
2020-09-27 13:00:00+00:00,5492.0,5339.844
2020-09-26 15:00:00+00:00,6293.0,6193.8223
2020-09-26 16:00:00+00:00,6421.0,6191.0747
2020-09-26 17:00:00+00:00,6449.0,6157.3706
2020-09-26 18:00:00+00:00,6206.0,6039.765
2020-09-26 19:00:00+00:00,5794.0,5826.481
2020-09-26 20:00:00+00:00,5648.0,5564.5005
2020-09-26 21:00:00+00:00,5245.0,5310.8364
2020-09-26 22:00:00+00:00,4981.0,5037.913
2020-09-26 23:00:00+00:00,4663.0,4785.821
2020-09-27 00:00:00+00:00,4623.0,4557.4478
2020-09-27 01:00:00+00:00,4546.0,4401.3916
2020-09-27 02:00:00+00:00,4537.0,4349.1304
2020-09-27 03:00:00+00:00,4670.0,4434.843
2020-09-27 04:00:00+00:00,4869.0,4689.774
2020-09-27 05:00:00+00:00,5206.0,4996.6113
2020-09-27 06:00:00+00:00,5444.0,5277.99
2020-09-27 07:00:00+00:00,5656.0,5580.893
2020-09-27 08:00:00+00:00,5871.0,5803.902
2020-09-27 09:00:00+00:00,5999.0,5849.5464
2020-09-27 10:00:00+00:00,5771.0,5750.1567
2020-09-27 11:00:00+00:00,5636.0,5588.8623
2020-09-27 12:00:00+00:00,5475.0,5483.4414
2020-09-27 13:00:00+00:00,5492.0,5413.0366
2020-09-27 14:00:00+00:00,5592.0,5411.3887
2020-09-26 16:00:00+00:00,6421.0,6280.8423
2020-09-26 17:00:00+00:00,6449.0,6215.5044
2020-09-26 18:00:00+00:00,6206.0,6079.961
2020-09-26 19:00:00+00:00,5794.0,5872.4326
2020-09-26 20:00:00+00:00,5648.0,5594.5933
2020-09-26 21:00:00+00:00,5245.0,5305.4136
2020-09-26 22:00:00+00:00,4981.0,5062.8535
2020-09-26 23:00:00+00:00,4663.0,4826.255
2020-09-27 00:00:00+00:00,4623.0,4608.196
2020-09-27 01:00:00+00:00,4546.0,4407.9653
2020-09-27 02:00:00+00:00,4537.0,4327.059
2020-09-27 03:00:00+00:00,4670.0,4419.908
2020-09-27 04:00:00+00:00,4869.0,4672.6934
2020-09-27 05:00:00+00:00,5206.0,5036.2803
2020-09-27 06:00:00+00:00,5444.0,5363.7295
2020-09-27 07:00:00+00:00,5656.0,5596.137
2020-09-27 08:00:00+00:00,5871.0,5790.204
2020-09-27 09:00:00+00:00,5999.0,5868.9287
2020-09-27 10:00:00+00:00,5771.0,5795.165
2020-09-27 11:00:00+00:00,5636.0,5645.249
2020-09-27 12:00:00+00:00,5475.0,5493.0957
2020-09-27 13:00:00+00:00,5492.0,5442.6074
2020-09-27 14:00:00+00:00,5592.0,5470.981
2020-09-27 15:00:00+00:00,5814.0,5576.972
2020-09-26 17:00:00+00:00,6449.0,6237.583
2020-09-26 18:00:00+00:00,6206.0,6085.87
2020-09-26 19:00:00+00:00,5794.0,5858.42
2020-09-26 20:00:00+00:00,5648.0,5615.917
2020-09-26 21:00:00+00:00,5245.0,5330.8325
2020-09-26 22:00:00+00:00,4981.0,5054.003
2020-09-26 23:00:00+00:00,4663.0,4831.858
2020-09-27 00:00:00+00:00,4623.0,4627.6914
2020-09-27 01:00:00+00:00,4546.0,4449.104
2020-09-27 02:00:00+00:00,4537.0,4311.2725
2020-09-27 03:00:00+00:00,4670.0,4350.705
2020-09-27 04:00:00+00:00,4869.0,4611.0537
2020-09-27 05:00:00+00:00,5206.0,5010.6514
2020-09-27 06:00:00+00:00,5444.0,5419.0225
2020-09-27 07:00:00+00:00,5656.0,5673.3926
2020-09-27 08:00:00+00:00,5871.0,5775.6626
2020-09-27 09:00:00+00:00,5999.0,5818.3667
2020-09-27 10:00:00+00:00,5771.0,5750.6514
2020-09-27 11:00:00+00:00,5636.0,5598.5103
2020-09-27 12:00:00+00:00,5475.0,5471.2617
2020-09-27 13:00:00+00:00,5492.0,5402.021
2020-09-27 14:00:00+00:00,5592.0,5428.7573
2020-09-27 15:00:00+00:00,5814.0,5530.0757
2020-09-27 16:00:00+00:00,6112.0,5701.501
2020-09-26 18:00:00+00:00,6206.0,6103.872
2020-09-26 19:00:00+00:00,5794.0,5874.5557
2020-09-26 20:00:00+00:00,5648.0,5588.4756
2020-09-26 21:00:00+00:00,5245.0,5328.0317
2020-09-26 22:00:00+00:00,4981.0,5074.596
2020-09-26 23:00:00+00:00,4663.0,4852.3374
2020-09-27 00:00:00+00:00,4623.0,4673.655
2020-09-27 01:00:00+00:00,4546.0,4502.5366
2020-09-27 02:00:00+00:00,4537.0,4405.2554
2020-09-27 03:00:00+00:00,4670.0,4418.289
2020-09-27 04:00:00+00:00,4869.0,4619.2563
2020-09-27 05:00:00+00:00,5206.0,4973.9805
2020-09-27 06:00:00+00:00,5444.0,5372.408
2020-09-27 07:00:00+00:00,5656.0,5714.267
2020-09-27 08:00:00+00:00,5871.0,5841.1895
2020-09-27 09:00:00+00:00,5999.0,5793.7246
2020-09-27 10:00:00+00:00,5771.0,5703.0063
2020-09-27 11:00:00+00:00,5636.0,5579.928
2020-09-27 12:00:00+00:00,5475.0,5443.1367
2020-09-27 13:00:00+00:00,5492.0,5378.191
2020-09-27 14:00:00+00:00,5592.0,5411.4175
2020-09-27 15:00:00+00:00,5814.0,5554.5015
2020-09-27 16:00:00+00:00,6112.0,5714.363
2020-09-27 17:00:00+00:00,6257.0,5851.042
2020-09-26 19:00:00+00:00,5794.0,5855.4233
2020-09-26 20:00:00+00:00,5648.0,5599.672
2020-09-26 21:00:00+00:00,5245.0,5320.567
2020-09-26 22:00:00+00:00,4981.0,5081.849
2020-09-26 23:00:00+00:00,4663.0,4867.664
2020-09-27 00:00:00+00:00,4623.0,4684.384
2020-09-27 01:00:00+00:00,4546.0,4547.7446
2020-09-27 02:00:00+00:00,4537.0,4449.25
2020-09-27 03:00:00+00:00,4670.0,4500.16
2020-09-27 04:00:00+00:00,4869.0,4707.181
2020-09-27 05:00:00+00:00,5206.0,5037.6094
2020-09-27 06:00:00+00:00,5444.0,5374.182
2020-09-27 07:00:00+00:00,5656.0,5633.1064
2020-09-27 08:00:00+00:00,5871.0,5819.2275
2020-09-27 09:00:00+00:00,5999.0,5804.066
2020-09-27 10:00:00+00:00,5771.0,5656.4614
2020-09-27 11:00:00+00:00,5636.0,5503.5195
2020-09-27 12:00:00+00:00,5475.0,5384.407
2020-09-27 13:00:00+00:00,5492.0,5303.371
2020-09-27 14:00:00+00:00,5592.0,5325.3965
2020-09-27 15:00:00+00:00,5814.0,5446.7983
2020-09-27 16:00:00+00:00,6112.0,5641.829
2020-09-27 17:00:00+00:00,6257.0,5763.7544
2020-09-27 18:00:00+00:00,6086.0,5797.5356
2020-09-26 20:00:00+00:00,5648.0,5569.612
2020-09-26 21:00:00+00:00,5245.0,5343.549
2020-09-26 22:00:00+00:00,4981.0,5089.6763
2020-09-26 23:00:00+00:00,4663.0,4861.891
2020-09-27 00:00:00+00:00,4623.0,4678.3896
2020-09-27 01:00:00+00:00,4546.0,4554.1313
2020-09-27 02:00:00+00:00,4537.0,4509.543
2020-09-27 03:00:00+00:00,4670.0,4537.6616
2020-09-27 04:00:00+00:00,4869.0,4724.864
2020-09-27 05:00:00+00:00,5206.0,5038.07
2020-09-27 06:00:00+00:00,5444.0,5368.3613
2020-09-27 07:00:00+00:00,5656.0,5602.833
2020-09-27 08:00:00+00:00,5871.0,5731.7017
2020-09-27 09:00:00+00:00,5999.0,5823.049
2020-09-27 10:00:00+00:00,5771.0,5730.6343
2020-09-27 11:00:00+00:00,5636.0,5537.5415
2020-09-27 12:00:00+00:00,5475.0,5387.298
2020-09-27 13:00:00+00:00,5492.0,5350.0054
2020-09-27 14:00:00+00:00,5592.0,5419.693
2020-09-27 15:00:00+00:00,5814.0,5584.3486
2020-09-27 16:00:00+00:00,6112.0,5731.34
2020-09-27 17:00:00+00:00,6257.0,5802.7827
2020-09-27 18:00:00+00:00,6086.0,5750.0
2020-09-27 19:00:00+00:00,5695.0,5679.074
2020-09-26 21:00:00+00:00,5245.0,5198.9517
2020-09-26 22:00:00+00:00,4981.0,5007.297
2020-09-26 23:00:00+00:00,4663.0,4789.237
2020-09-27 00:00:00+00:00,4623.0,4585.14
2020-09-27 01:00:00+00:00,4546.0,4444.1436
2020-09-27 02:00:00+00:00,4537.0,4413.3735
2020-09-27 03:00:00+00:00,4670.0,4535.5366
2020-09-27 04:00:00+00:00,4869.0,4759.708
2020-09-27 05:00:00+00:00,5206.0,5064.5767
2020-09-27 06:00:00+00:00,5444.0,5379.766
2020-09-27 07:00:00+00:00,5656.0,5626.1714
2020-09-27 08:00:00+00:00,5871.0,5752.333
2020-09-27 09:00:00+00:00,5999.0,5772.5957
2020-09-27 10:00:00+00:00,5771.0,5776.6357
2020-09-27 11:00:00+00:00,5636.0,5633.878
2020-09-27 12:00:00+00:00,5475.0,5444.4175
2020-09-27 13:00:00+00:00,5492.0,5350.8716
2020-09-27 14:00:00+00:00,5592.0,5417.9453
2020-09-27 15:00:00+00:00,5814.0,5609.325
2020-09-27 16:00:00+00:00,6112.0,5829.058
2020-09-27 17:00:00+00:00,6257.0,5896.5825
2020-09-27 18:00:00+00:00,6086.0,5820.8623
2020-09-27 19:00:00+00:00,5695.0,5661.801
2020-09-27 20:00:00+00:00,5633.0,5570.6597
2020-09-26 22:00:00+00:00,4981.0,4913.084
2020-09-26 23:00:00+00:00,4663.0,4741.71
2020-09-27 00:00:00+00:00,4623.0,4591.8296
2020-09-27 01:00:00+00:00,4546.0,4452.916
2020-09-27 02:00:00+00:00,4537.0,4397.861
2020-09-27 03:00:00+00:00,4670.0,4493.056
2020-09-27 04:00:00+00:00,4869.0,4785.756
2020-09-27 05:00:00+00:00,5206.0,5147.45
2020-09-27 06:00:00+00:00,5444.0,5463.5586
2020-09-27 07:00:00+00:00,5656.0,5688.5415
2020-09-27 08:00:00+00:00,5871.0,5801.193
2020-09-27 09:00:00+00:00,5999.0,5788.47
2020-09-27 10:00:00+00:00,5771.0,5653.2476
2020-09-27 11:00:00+00:00,5636.0,5558.358
2020-09-27 12:00:00+00:00,5475.0,5449.7104
2020-09-27 13:00:00+00:00,5492.0,5394.0317
2020-09-27 14:00:00+00:00,5592.0,5467.8047
2020-09-27 15:00:00+00:00,5814.0,5653.978
2020-09-27 16:00:00+00:00,6112.0,5839.606
2020-09-27 17:00:00+00:00,6257.0,5911.5537
2020-09-27 18:00:00+00:00,6086.0,5807.636
2020-09-27 19:00:00+00:00,5695.0,5654.9243
2020-09-27 20:00:00+00:00,5633.0,5488.752
2020-09-27 21:00:00+00:00,5376.0,5358.118
2020-09-26 23:00:00+00:00,4663.0,4757.6045
2020-09-27 00:00:00+00:00,4623.0,4587.9614
2020-09-27 01:00:00+00:00,4546.0,4438.3545
2020-09-27 02:00:00+00:00,4537.0,4369.0835
2020-09-27 03:00:00+00:00,4670.0,4503.3984
2020-09-27 04:00:00+00:00,4869.0,4809.249
2020-09-27 05:00:00+00:00,5206.0,5203.699
2020-09-27 06:00:00+00:00,5444.0,5535.058
2020-09-27 07:00:00+00:00,5656.0,5781.967
2020-09-27 08:00:00+00:00,5871.0,5914.244
2020-09-27 09:00:00+00:00,5999.0,5884.5327
2020-09-27 10:00:00+00:00,5771.0,5744.372
2020-09-27 11:00:00+00:00,5636.0,5571.8535
2020-09-27 12:00:00+00:00,5475.0,5497.2017
2020-09-27 13:00:00+00:00,5492.0,5442.9927
2020-09-27 14:00:00+00:00,5592.0,5475.0547
2020-09-27 15:00:00+00:00,5814.0,5633.1616
2020-09-27 16:00:00+00:00,6112.0,5811.908
2020-09-27 17:00:00+00:00,6257.0,5889.0054
2020-09-27 18:00:00+00:00,6086.0,5868.838
2020-09-27 19:00:00+00:00,5695.0,5713.571
2020-09-27 20:00:00+00:00,5633.0,5512.188
2020-09-27 21:00:00+00:00,5376.0,5279.5166
2020-09-27 22:00:00+00:00,5131.0,5121.9937
2020-09-27 00:00:00+00:00,4623.0,4571.5493
2020-09-27 01:00:00+00:00,4546.0,4416.054
2020-09-27 02:00:00+00:00,4537.0,4328.644
2020-09-27 03:00:00+00:00,4670.0,4376.319
2020-09-27 04:00:00+00:00,4869.0,4659.8203
2020-09-27 05:00:00+00:00,5206.0,5070.8486
2020-09-27 06:00:00+00:00,5444.0,5473.6997
2020-09-27 07:00:00+00:00,5656.0,5723.5034
2020-09-27 08:00:00+00:00,5871.0,5877.5195
2020-09-27 09:00:00+00:00,5999.0,5928.5522
2020-09-27 10:00:00+00:00,5771.0,5829.62
2020-09-27 11:00:00+00:00,5636.0,5658.236
2020-09-27 12:00:00+00:00,5475.0,5511.3135
2020-09-27 13:00:00+00:00,5492.0,5509.3555
2020-09-27 14:00:00+00:00,5592.0,5540.373
2020-09-27 15:00:00+00:00,5814.0,5633.5703
2020-09-27 16:00:00+00:00,6112.0,5788.1616
2020-09-27 17:00:00+00:00,6257.0,5887.363
2020-09-27 18:00:00+00:00,6086.0,5847.8403
2020-09-27 19:00:00+00:00,5695.0,5753.96
2020-09-27 20:00:00+00:00,5633.0,5569.576
2020-09-27 21:00:00+00:00,5376.0,5353.117
2020-09-27 22:00:00+00:00,5131.0,5106.2163
2020-09-27 23:00:00+00:00,4884.0,4937.5825
2020-09-27 01:00:00+00:00,4546.0,4443.064
2020-09-27 02:00:00+00:00,4537.0,4361.5264
2020-09-27 03:00:00+00:00,4670.0,4431.9927
2020-09-27 04:00:00+00:00,4869.0,4645.1636
2020-09-27 05:00:00+00:00,5206.0,5021.283
2020-09-27 06:00:00+00:00,5444.0,5448.1084
2020-09-27 07:00:00+00:00,5656.0,5823.2783
2020-09-27 08:00:00+00:00,5871.0,5982.8906
2020-09-27 09:00:00+00:00,5999.0,5987.551
2020-09-27 10:00:00+00:00,5771.0,5875.2007
2020-09-27 11:00:00+00:00,5636.0,5689.326
2020-09-27 12:00:00+00:00,5475.0,5535.168
2020-09-27 13:00:00+00:00,5492.0,5465.0405
2020-09-27 14:00:00+00:00,5592.0,5558.8535
2020-09-27 15:00:00+00:00,5814.0,5671.598
2020-09-27 16:00:00+00:00,6112.0,5759.4
2020-09-27 17:00:00+00:00,6257.0,5826.6646
2020-09-27 18:00:00+00:00,6086.0,5811.6904
2020-09-27 19:00:00+00:00,5695.0,5685.638
2020-09-27 20:00:00+00:00,5633.0,5525.0
2020-09-27 21:00:00+00:00,5376.0,5278.017
2020-09-27 22:00:00+00:00,5131.0,5028.0513
2020-09-27 23:00:00+00:00,4884.0,4800.1753
2020-09-28 00:00:00+00:00,4845.0,4655.7295
2020-09-27 02:00:00+00:00,4537.0,4508.37
2020-09-27 03:00:00+00:00,4670.0,4563.1025
2020-09-27 04:00:00+00:00,4869.0,4790.8115
2020-09-27 05:00:00+00:00,5206.0,5102.741
2020-09-27 06:00:00+00:00,5444.0,5454.4604
2020-09-27 07:00:00+00:00,5656.0,5752.9146
2020-09-27 08:00:00+00:00,5871.0,5958.7754
2020-09-27 09:00:00+00:00,5999.0,5969.306
2020-09-27 10:00:00+00:00,5771.0,5870.618
2020-09-27 11:00:00+00:00,5636.0,5718.3203
2020-09-27 12:00:00+00:00,5475.0,5561.6196
2020-09-27 13:00:00+00:00,5492.0,5485.773
2020-09-27 14:00:00+00:00,5592.0,5505.32
2020-09-27 15:00:00+00:00,5814.0,5664.1323
2020-09-27 16:00:00+00:00,6112.0,5795.149
2020-09-27 17:00:00+00:00,6257.0,5845.0557
2020-09-27 18:00:00+00:00,6086.0,5838.2783
2020-09-27 19:00:00+00:00,5695.0,5702.8164
2020-09-27 20:00:00+00:00,5633.0,5448.9424
2020-09-27 21:00:00+00:00,5376.0,5205.8696
2020-09-27 22:00:00+00:00,5131.0,4987.5205
2020-09-27 23:00:00+00:00,4884.0,4811.879
2020-09-28 00:00:00+00:00,4845.0,4638.0947
2020-09-28 01:00:00+00:00,4788.0,4516.128
2020-09-27 03:00:00+00:00,4670.0,4666.943
2020-09-27 04:00:00+00:00,4869.0,4867.141
2020-09-27 05:00:00+00:00,5206.0,5213.7744
2020-09-27 06:00:00+00:00,5444.0,5574.475
2020-09-27 07:00:00+00:00,5656.0,5853.2944
2020-09-27 08:00:00+00:00,5871.0,5981.929
2020-09-27 09:00:00+00:00,5999.0,5995.542
2020-09-27 10:00:00+00:00,5771.0,5870.013
2020-09-27 11:00:00+00:00,5636.0,5697.635
2020-09-27 12:00:00+00:00,5475.0,5548.65
2020-09-27 13:00:00+00:00,5492.0,5485.4727
2020-09-27 14:00:00+00:00,5592.0,5568.62
2020-09-27 15:00:00+00:00,5814.0,5729.1113
2020-09-27 16:00:00+00:00,6112.0,5925.9307
2020-09-27 17:00:00+00:00,6257.0,5974.7876
2020-09-27 18:00:00+00:00,6086.0,5893.8955
2020-09-27 19:00:00+00:00,5695.0,5767.402
2020-09-27 20:00:00+00:00,5633.0,5558.3506
2020-09-27 21:00:00+00:00,5376.0,5294.339
2020-09-27 22:00:00+00:00,5131.0,5069.186
2020-09-27 23:00:00+00:00,4884.0,4877.2393
2020-09-28 00:00:00+00:00,4845.0,4737.819
2020-09-28 01:00:00+00:00,4788.0,4672.8057
2020-09-28 02:00:00+00:00,4967.0,4725.329
2020-09-27 04:00:00+00:00,4869.0,4960.559
2020-09-27 05:00:00+00:00,5206.0,5265.3267
2020-09-27 06:00:00+00:00,5444.0,5644.1733
2020-09-27 07:00:00+00:00,5656.0,5944.824
2020-09-27 08:00:00+00:00,5871.0,6053.6978
2020-09-27 09:00:00+00:00,5999.0,5966.9077
2020-09-27 10:00:00+00:00,5771.0,5800.56
2020-09-27 11:00:00+00:00,5636.0,5612.294
2020-09-27 12:00:00+00:00,5475.0,5469.3438
2020-09-27 13:00:00+00:00,5492.0,5425.6953
2020-09-27 14:00:00+00:00,5592.0,5498.5825
2020-09-27 15:00:00+00:00,5814.0,5681.356
2020-09-27 16:00:00+00:00,6112.0,5845.6597
2020-09-27 17:00:00+00:00,6257.0,5967.758
2020-09-27 18:00:00+00:00,6086.0,5905.4385
2020-09-27 19:00:00+00:00,5695.0,5712.837
2020-09-27 20:00:00+00:00,5633.0,5505.618
2020-09-27 21:00:00+00:00,5376.0,5281.654
2020-09-27 22:00:00+00:00,5131.0,5063.7515
2020-09-27 23:00:00+00:00,4884.0,4872.1104
2020-09-28 00:00:00+00:00,4845.0,4714.8916
2020-09-28 01:00:00+00:00,4788.0,4710.442
2020-09-28 02:00:00+00:00,4967.0,4939.9272
2020-09-28 03:00:00+00:00,5621.0,5349.1074
2020-09-27 05:00:00+00:00,5206.0,5258.623
2020-09-27 06:00:00+00:00,5444.0,5545.62
2020-09-27 07:00:00+00:00,5656.0,5870.8096
2020-09-27 08:00:00+00:00,5871.0,6059.2344
2020-09-27 09:00:00+00:00,5999.0,6047.278
2020-09-27 10:00:00+00:00,5771.0,5901.006
2020-09-27 11:00:00+00:00,5636.0,5721.9463
2020-09-27 12:00:00+00:00,5475.0,5559.9834
2020-09-27 13:00:00+00:00,5492.0,5489.4946
2020-09-27 14:00:00+00:00,5592.0,5574.3506
2020-09-27 15:00:00+00:00,5814.0,5731.8945
2020-09-27 16:00:00+00:00,6112.0,5871.314
2020-09-27 17:00:00+00:00,6257.0,5900.7666
2020-09-27 18:00:00+00:00,6086.0,5886.581
2020-09-27 19:00:00+00:00,5695.0,5728.1597
2020-09-27 20:00:00+00:00,5633.0,5471.2744
2020-09-27 21:00:00+00:00,5376.0,5225.4316
2020-09-27 22:00:00+00:00,5131.0,5017.561
2020-09-27 23:00:00+00:00,4884.0,4835.328
2020-09-28 00:00:00+00:00,4845.0,4681.0205
2020-09-28 01:00:00+00:00,4788.0,4621.5947
2020-09-28 02:00:00+00:00,4967.0,4877.3594
2020-09-28 03:00:00+00:00,5621.0,5447.47
2020-09-28 04:00:00+00:00,6853.0,6108.984
2020-09-27 06:00:00+00:00,5444.0,5699.8604
2020-09-27 07:00:00+00:00,5656.0,5844.04
2020-09-27 08:00:00+00:00,5871.0,5964.5117
2020-09-27 09:00:00+00:00,5999.0,5957.6357
2020-09-27 10:00:00+00:00,5771.0,5834.639
2020-09-27 11:00:00+00:00,5636.0,5680.2227
2020-09-27 12:00:00+00:00,5475.0,5577.8364
2020-09-27 13:00:00+00:00,5492.0,5564.732
2020-09-27 14:00:00+00:00,5592.0,5678.615
2020-09-27 15:00:00+00:00,5814.0,5883.6533
2020-09-27 16:00:00+00:00,6112.0,6001.1797
2020-09-27 17:00:00+00:00,6257.0,5971.042
2020-09-27 18:00:00+00:00,6086.0,5822.433
2020-09-27 19:00:00+00:00,5695.0,5678.839
2020-09-27 20:00:00+00:00,5633.0,5456.3247
2020-09-27 21:00:00+00:00,5376.0,5182.602
2020-09-27 22:00:00+00:00,5131.0,4937.842
2020-09-27 23:00:00+00:00,4884.0,4745.4805
2020-09-28 00:00:00+00:00,4845.0,4619.243
2020-09-28 01:00:00+00:00,4788.0,4614.0034
2020-09-28 02:00:00+00:00,4967.0,4805.173
2020-09-28 03:00:00+00:00,5621.0,5303.363
2020-09-28 04:00:00+00:00,6853.0,5960.2095
2020-09-28 05:00:00+00:00,7726.0,6569.6577
2020-09-27 07:00:00+00:00,5656.0,5928.128
2020-09-27 08:00:00+00:00,5871.0,5981.5337
2020-09-27 09:00:00+00:00,5999.0,5963.0996
2020-09-27 10:00:00+00:00,5771.0,5825.0703
2020-09-27 11:00:00+00:00,5636.0,5656.531
2020-09-27 12:00:00+00:00,5475.0,5523.654
2020-09-27 13:00:00+00:00,5492.0,5491.1216
2020-09-27 14:00:00+00:00,5592.0,5614.1436
2020-09-27 15:00:00+00:00,5814.0,5858.39
2020-09-27 16:00:00+00:00,6112.0,6073.3096
2020-09-27 17:00:00+00:00,6257.0,6056.7227
2020-09-27 18:00:00+00:00,6086.0,5898.069
2020-09-27 19:00:00+00:00,5695.0,5710.023
2020-09-27 20:00:00+00:00,5633.0,5556.6025
2020-09-27 21:00:00+00:00,5376.0,5286.491
2020-09-27 22:00:00+00:00,5131.0,5003.378
2020-09-27 23:00:00+00:00,4884.0,4790.063
2020-09-28 00:00:00+00:00,4845.0,4642.003
2020-09-28 01:00:00+00:00,4788.0,4591.4004
2020-09-28 02:00:00+00:00,4967.0,4784.745
2020-09-28 03:00:00+00:00,5621.0,5295.5063
2020-09-28 04:00:00+00:00,6853.0,6009.299
2020-09-28 05:00:00+00:00,7726.0,6587.57
2020-09-28 06:00:00+00:00,8056.0,6944.5513
2020-09-27 08:00:00+00:00,5871.0,6034.1367
2020-09-27 09:00:00+00:00,5999.0,5970.4663
2020-09-27 10:00:00+00:00,5771.0,5847.1626
2020-09-27 11:00:00+00:00,5636.0,5682.562
2020-09-27 12:00:00+00:00,5475.0,5553.6646
2020-09-27 13:00:00+00:00,5492.0,5487.266
2020-09-27 14:00:00+00:00,5592.0,5541.9844
2020-09-27 15:00:00+00:00,5814.0,5754.5054
2020-09-27 16:00:00+00:00,6112.0,6004.6772
2020-09-27 17:00:00+00:00,6257.0,6118.1475
2020-09-27 18:00:00+00:00,6086.0,5967.775
2020-09-27 19:00:00+00:00,5695.0,5723.062
2020-09-27 20:00:00+00:00,5633.0,5521.886
2020-09-27 21:00:00+00:00,5376.0,5367.669
2020-09-27 22:00:00+00:00,5131.0,5099.5713
2020-09-27 23:00:00+00:00,4884.0,4841.726
2020-09-28 00:00:00+00:00,4845.0,4669.994
2020-09-28 01:00:00+00:00,4788.0,4610.899
2020-09-28 02:00:00+00:00,4967.0,4771.4097
2020-09-28 03:00:00+00:00,5621.0,5280.186
2020-09-28 04:00:00+00:00,6853.0,6004.8613
2020-09-28 05:00:00+00:00,7726.0,6628.5513
2020-09-28 06:00:00+00:00,8056.0,6885.0513
2020-09-28 07:00:00+00:00,8119.0,6925.19
2020-09-27 09:00:00+00:00,5999.0,6012.7793
2020-09-27 10:00:00+00:00,5771.0,5887.1133
2020-09-27 11:00:00+00:00,5636.0,5746.535
2020-09-27 12:00:00+00:00,5475.0,5628.9517
2020-09-27 13:00:00+00:00,5492.0,5582.043
2020-09-27 14:00:00+00:00,5592.0,5623.0654
2020-09-27 15:00:00+00:00,5814.0,5763.3003
2020-09-27 16:00:00+00:00,6112.0,5962.396
2020-09-27 17:00:00+00:00,6257.0,6074.539
2020-09-27 18:00:00+00:00,6086.0,6048.8423
2020-09-27 19:00:00+00:00,5695.0,5842.7124
2020-09-27 20:00:00+00:00,5633.0,5578.9385
2020-09-27 21:00:00+00:00,5376.0,5343.814
2020-09-27 22:00:00+00:00,5131.0,5165.901
2020-09-27 23:00:00+00:00,4884.0,4896.3643
2020-09-28 00:00:00+00:00,4845.0,4657.3364
2020-09-28 01:00:00+00:00,4788.0,4567.786
2020-09-28 02:00:00+00:00,4967.0,4724.268
2020-09-28 03:00:00+00:00,5621.0,5198.317
2020-09-28 04:00:00+00:00,6853.0,5927.629
2020-09-28 05:00:00+00:00,7726.0,6606.01
2020-09-28 06:00:00+00:00,8056.0,6970.7188
2020-09-28 07:00:00+00:00,8119.0,7010.1396
2020-09-28 08:00:00+00:00,8214.0,6967.3896
2020-09-27 10:00:00+00:00,5771.0,5819.351
2020-09-27 11:00:00+00:00,5636.0,5667.147
2020-09-27 12:00:00+00:00,5475.0,5553.801
2020-09-27 13:00:00+00:00,5492.0,5507.321
2020-09-27 14:00:00+00:00,5592.0,5551.871
2020-09-27 15:00:00+00:00,5814.0,5670.649
2020-09-27 16:00:00+00:00,6112.0,5831.978
2020-09-27 17:00:00+00:00,6257.0,6003.3555
2020-09-27 18:00:00+00:00,6086.0,6033.036
2020-09-27 19:00:00+00:00,5695.0,5934.4805
2020-09-27 20:00:00+00:00,5633.0,5680.1167
2020-09-27 21:00:00+00:00,5376.0,5383.906
2020-09-27 22:00:00+00:00,5131.0,5113.4536
2020-09-27 23:00:00+00:00,4884.0,4909.329
2020-09-28 00:00:00+00:00,4845.0,4631.0615
2020-09-28 01:00:00+00:00,4788.0,4467.713
2020-09-28 02:00:00+00:00,4967.0,4624.781
2020-09-28 03:00:00+00:00,5621.0,5152.271
2020-09-28 04:00:00+00:00,6853.0,5912.4404
2020-09-28 05:00:00+00:00,7726.0,6654.5166
2020-09-28 06:00:00+00:00,8056.0,7124.0776
2020-09-28 07:00:00+00:00,8119.0,7265.0884
2020-09-28 08:00:00+00:00,8214.0,7194.44
2020-09-28 09:00:00+00:00,8298.0,7109.472
2020-09-27 11:00:00+00:00,5636.0,5648.9604
2020-09-27 12:00:00+00:00,5475.0,5552.656
2020-09-27 13:00:00+00:00,5492.0,5543.2676
2020-09-27 14:00:00+00:00,5592.0,5612.5645
2020-09-27 15:00:00+00:00,5814.0,5737.147
2020-09-27 16:00:00+00:00,6112.0,5837.446
2020-09-27 17:00:00+00:00,6257.0,5868.983
2020-09-27 18:00:00+00:00,6086.0,5897.0034
2020-09-27 19:00:00+00:00,5695.0,5821.778
2020-09-27 20:00:00+00:00,5633.0,5684.9023
2020-09-27 21:00:00+00:00,5376.0,5435.7676
2020-09-27 22:00:00+00:00,5131.0,5175.812
2020-09-27 23:00:00+00:00,4884.0,4940.8423
2020-09-28 00:00:00+00:00,4845.0,4797.5737
2020-09-28 01:00:00+00:00,4788.0,4655.2783
2020-09-28 02:00:00+00:00,4967.0,4756.796
2020-09-28 03:00:00+00:00,5621.0,5250.854
2020-09-28 04:00:00+00:00,6853.0,6019.286
2020-09-28 05:00:00+00:00,7726.0,6744.9834
2020-09-28 06:00:00+00:00,8056.0,7204.885
2020-09-28 07:00:00+00:00,8119.0,7362.599
2020-09-28 08:00:00+00:00,8214.0,7350.1772
2020-09-28 09:00:00+00:00,8298.0,7243.1733
2020-09-28 10:00:00+00:00,8080.0,7129.498
2020-09-27 12:00:00+00:00,5475.0,5594.0225
2020-09-27 13:00:00+00:00,5492.0,5556.524
2020-09-27 14:00:00+00:00,5592.0,5629.0986
2020-09-27 15:00:00+00:00,5814.0,5795.953
2020-09-27 16:00:00+00:00,6112.0,5974.522
2020-09-27 17:00:00+00:00,6257.0,6058.3423
2020-09-27 18:00:00+00:00,6086.0,5987.2573
2020-09-27 19:00:00+00:00,5695.0,5869.0044
2020-09-27 20:00:00+00:00,5633.0,5661.8633
2020-09-27 21:00:00+00:00,5376.0,5430.572
2020-09-27 22:00:00+00:00,5131.0,5146.2915
2020-09-27 23:00:00+00:00,4884.0,4903.669
2020-09-28 00:00:00+00:00,4845.0,4698.083
2020-09-28 01:00:00+00:00,4788.0,4627.5107
2020-09-28 02:00:00+00:00,4967.0,4734.586
2020-09-28 03:00:00+00:00,5621.0,5244.946
2020-09-28 04:00:00+00:00,6853.0,6058.9
2020-09-28 05:00:00+00:00,7726.0,6809.57
2020-09-28 06:00:00+00:00,8056.0,7223.9854
2020-09-28 07:00:00+00:00,8119.0,7361.027
2020-09-28 08:00:00+00:00,8214.0,7331.305
2020-09-28 09:00:00+00:00,8298.0,7243.3096
2020-09-28 10:00:00+00:00,8080.0,7117.702
2020-09-28 11:00:00+00:00,8004.0,7022.069
2020-09-27 13:00:00+00:00,5492.0,5605.936
2020-09-27 14:00:00+00:00,5592.0,5661.3965
2020-09-27 15:00:00+00:00,5814.0,5829.41
2020-09-27 16:00:00+00:00,6112.0,5998.3247
2020-09-27 17:00:00+00:00,6257.0,6044.415
2020-09-27 18:00:00+00:00,6086.0,5976.151
2020-09-27 19:00:00+00:00,5695.0,5802.169
2020-09-27 20:00:00+00:00,5633.0,5598.826
2020-09-27 21:00:00+00:00,5376.0,5328.2285
2020-09-27 22:00:00+00:00,5131.0,5071.413
2020-09-27 23:00:00+00:00,4884.0,4823.05
2020-09-28 00:00:00+00:00,4845.0,4640.075
2020-09-28 01:00:00+00:00,4788.0,4548.0127
2020-09-28 02:00:00+00:00,4967.0,4727.969
2020-09-28 03:00:00+00:00,5621.0,5211.2583
2020-09-28 04:00:00+00:00,6853.0,5984.75
2020-09-28 05:00:00+00:00,7726.0,6752.293
2020-09-28 06:00:00+00:00,8056.0,7206.7734
2020-09-28 07:00:00+00:00,8119.0,7308.091
2020-09-28 08:00:00+00:00,8214.0,7274.8774
2020-09-28 09:00:00+00:00,8298.0,7175.12
2020-09-28 10:00:00+00:00,8080.0,7047.358
2020-09-28 11:00:00+00:00,8004.0,6916.92
2020-09-28 12:00:00+00:00,7899.0,6849.482
2020-09-27 14:00:00+00:00,5592.0,5805.1133
2020-09-27 15:00:00+00:00,5814.0,5905.266
2020-09-27 16:00:00+00:00,6112.0,6011.655
2020-09-27 17:00:00+00:00,6257.0,6016.5806
2020-09-27 18:00:00+00:00,6086.0,5895.823
2020-09-27 19:00:00+00:00,5695.0,5714.193
2020-09-27 20:00:00+00:00,5633.0,5485.7275
2020-09-27 21:00:00+00:00,5376.0,5236.554
2020-09-27 22:00:00+00:00,5131.0,4986.417
2020-09-27 23:00:00+00:00,4884.0,4781.2163
2020-09-28 00:00:00+00:00,4845.0,4609.009
2020-09-28 01:00:00+00:00,4788.0,4548.018
2020-09-28 02:00:00+00:00,4967.0,4707.214
2020-09-28 03:00:00+00:00,5621.0,5225.514
2020-09-28 04:00:00+00:00,6853.0,5910.8594
2020-09-28 05:00:00+00:00,7726.0,6558.322
2020-09-28 06:00:00+00:00,8056.0,6988.884
2020-09-28 07:00:00+00:00,8119.0,7176.43
2020-09-28 08:00:00+00:00,8214.0,7176.303
2020-09-28 09:00:00+00:00,8298.0,7102.4043
2020-09-28 10:00:00+00:00,8080.0,6980.497
2020-09-28 11:00:00+00:00,8004.0,6884.227
2020-09-28 12:00:00+00:00,7899.0,6829.049
2020-09-28 13:00:00+00:00,7821.0,6840.087
2020-09-27 15:00:00+00:00,5814.0,6069.9043
2020-09-27 16:00:00+00:00,6112.0,6110.974
2020-09-27 17:00:00+00:00,6257.0,6106.4497
2020-09-27 18:00:00+00:00,6086.0,6015.4604
2020-09-27 19:00:00+00:00,5695.0,5808.1216
2020-09-27 20:00:00+00:00,5633.0,5541.81
2020-09-27 21:00:00+00:00,5376.0,5245.5566
2020-09-27 22:00:00+00:00,5131.0,4977.599
2020-09-27 23:00:00+00:00,4884.0,4759.919
2020-09-28 00:00:00+00:00,4845.0,4601.2993
2020-09-28 01:00:00+00:00,4788.0,4529.118
2020-09-28 02:00:00+00:00,4967.0,4681.832
2020-09-28 03:00:00+00:00,5621.0,5143.9604
2020-09-28 04:00:00+00:00,6853.0,5866.9053
2020-09-28 05:00:00+00:00,7726.0,6524.7456
2020-09-28 06:00:00+00:00,8056.0,6955.1616
2020-09-28 07:00:00+00:00,8119.0,7153.464
2020-09-28 08:00:00+00:00,8214.0,7202.7007
2020-09-28 09:00:00+00:00,8298.0,7164.238
2020-09-28 10:00:00+00:00,8080.0,7091.225
2020-09-28 11:00:00+00:00,8004.0,7003.4336
2020-09-28 12:00:00+00:00,7899.0,6950.4204
2020-09-28 13:00:00+00:00,7821.0,6953.544
2020-09-28 14:00:00+00:00,7767.0,7023.9663
2020-09-27 16:00:00+00:00,6112.0,6218.0703
2020-09-27 17:00:00+00:00,6257.0,6156.828
2020-09-27 18:00:00+00:00,6086.0,6007.6143
2020-09-27 19:00:00+00:00,5695.0,5826.9453
2020-09-27 20:00:00+00:00,5633.0,5595.216
2020-09-27 21:00:00+00:00,5376.0,5337.3706
2020-09-27 22:00:00+00:00,5131.0,5066.226
2020-09-27 23:00:00+00:00,4884.0,4846.1245
2020-09-28 00:00:00+00:00,4845.0,4697.5723
2020-09-28 01:00:00+00:00,4788.0,4643.8833
2020-09-28 02:00:00+00:00,4967.0,4775.49
2020-09-28 03:00:00+00:00,5621.0,5210.047
2020-09-28 04:00:00+00:00,6853.0,5890.396
2020-09-28 05:00:00+00:00,7726.0,6590.2476
2020-09-28 06:00:00+00:00,8056.0,7014.766
2020-09-28 07:00:00+00:00,8119.0,7178.3193
2020-09-28 08:00:00+00:00,8214.0,7208.6636
2020-09-28 09:00:00+00:00,8298.0,7188.4087
2020-09-28 10:00:00+00:00,8080.0,7137.582
2020-09-28 11:00:00+00:00,8004.0,7084.052
2020-09-28 12:00:00+00:00,7899.0,7044.561
2020-09-28 13:00:00+00:00,7821.0,7052.743
2020-09-28 14:00:00+00:00,7767.0,7118.1675
2020-09-28 15:00:00+00:00,7809.0,7227.37
2020-09-27 17:00:00+00:00,6257.0,6338.684
2020-09-27 18:00:00+00:00,6086.0,6161.432
2020-09-27 19:00:00+00:00,5695.0,5903.265
2020-09-27 20:00:00+00:00,5633.0,5655.4727
2020-09-27 21:00:00+00:00,5376.0,5383.032
2020-09-27 22:00:00+00:00,5131.0,5120.8403
2020-09-27 23:00:00+00:00,4884.0,4881.0806
2020-09-28 00:00:00+00:00,4845.0,4727.3193
2020-09-28 01:00:00+00:00,4788.0,4685.834
2020-09-28 02:00:00+00:00,4967.0,4835.378
2020-09-28 03:00:00+00:00,5621.0,5287.575
2020-09-28 04:00:00+00:00,6853.0,5998.0083
2020-09-28 05:00:00+00:00,7726.0,6701.612
2020-09-28 06:00:00+00:00,8056.0,7136.7583
2020-09-28 07:00:00+00:00,8119.0,7242.4263
2020-09-28 08:00:00+00:00,8214.0,7217.4673
2020-09-28 09:00:00+00:00,8298.0,7188.378
2020-09-28 10:00:00+00:00,8080.0,7126.2046
2020-09-28 11:00:00+00:00,8004.0,7032.6753
2020-09-28 12:00:00+00:00,7899.0,6985.325
2020-09-28 13:00:00+00:00,7821.0,7007.341
2020-09-28 14:00:00+00:00,7767.0,7089.821
2020-09-28 15:00:00+00:00,7809.0,7170.733
2020-09-28 16:00:00+00:00,7902.0,7216.24
2020-09-27 18:00:00+00:00,6086.0,6262.994
2020-09-27 19:00:00+00:00,5695.0,6030.898
2020-09-27 20:00:00+00:00,5633.0,5733.4673
2020-09-27 21:00:00+00:00,5376.0,5437.6436
2020-09-27 22:00:00+00:00,5131.0,5146.6973
2020-09-27 23:00:00+00:00,4884.0,4925.6064
2020-09-28 00:00:00+00:00,4845.0,4763.21
2020-09-28 01:00:00+00:00,4788.0,4739.782
2020-09-28 02:00:00+00:00,4967.0,4940.01
2020-09-28 03:00:00+00:00,5621.0,5423.1704
2020-09-28 04:00:00+00:00,6853.0,6120.0015
2020-09-28 05:00:00+00:00,7726.0,6810.9917
2020-09-28 06:00:00+00:00,8056.0,7274.6333
2020-09-28 07:00:00+00:00,8119.0,7451.4297
2020-09-28 08:00:00+00:00,8214.0,7419.6914
2020-09-28 09:00:00+00:00,8298.0,7342.943
2020-09-28 10:00:00+00:00,8080.0,7269.3936
2020-09-28 11:00:00+00:00,8004.0,7175.3843
2020-09-28 12:00:00+00:00,7899.0,7096.623
2020-09-28 13:00:00+00:00,7821.0,7109.519
2020-09-28 14:00:00+00:00,7767.0,7208.0503
2020-09-28 15:00:00+00:00,7809.0,7324.869
2020-09-28 16:00:00+00:00,7902.0,7319.151
2020-09-28 17:00:00+00:00,7825.0,7189.228
2020-09-27 19:00:00+00:00,5695.0,5953.9634
2020-09-27 20:00:00+00:00,5633.0,5723.5024
2020-09-27 21:00:00+00:00,5376.0,5434.1167
2020-09-27 22:00:00+00:00,5131.0,5164.3813
2020-09-27 23:00:00+00:00,4884.0,4938.1646
2020-09-28 00:00:00+00:00,4845.0,4789.027
2020-09-28 01:00:00+00:00,4788.0,4740.511
2020-09-28 02:00:00+00:00,4967.0,4947.9775
2020-09-28 03:00:00+00:00,5621.0,5481.107
2020-09-28 04:00:00+00:00,6853.0,6201.7617
2020-09-28 05:00:00+00:00,7726.0,6848.906
2020-09-28 06:00:00+00:00,8056.0,7247.4116
2020-09-28 07:00:00+00:00,8119.0,7416.076
2020-09-28 08:00:00+00:00,8214.0,7434.0806
2020-09-28 09:00:00+00:00,8298.0,7340.8794
2020-09-28 10:00:00+00:00,8080.0,7227.812
2020-09-28 11:00:00+00:00,8004.0,7143.0444
2020-09-28 12:00:00+00:00,7899.0,7075.8613
2020-09-28 13:00:00+00:00,7821.0,7061.341
2020-09-28 14:00:00+00:00,7767.0,7144.3345
2020-09-28 15:00:00+00:00,7809.0,7261.9004
2020-09-28 16:00:00+00:00,7902.0,7296.335
2020-09-28 17:00:00+00:00,7825.0,7117.9443
2020-09-28 18:00:00+00:00,7359.0,6855.8423
2020-09-27 20:00:00+00:00,5633.0,5654.6255
2020-09-27 21:00:00+00:00,5376.0,5390.685
2020-09-27 22:00:00+00:00,5131.0,5118.8135
2020-09-27 23:00:00+00:00,4884.0,4900.648
2020-09-28 00:00:00+00:00,4845.0,4761.812
2020-09-28 01:00:00+00:00,4788.0,4728.1997
2020-09-28 02:00:00+00:00,4967.0,4898.3013
2020-09-28 03:00:00+00:00,5621.0,5382.12
2020-09-28 04:00:00+00:00,6853.0,6070.4326
2020-09-28 05:00:00+00:00,7726.0,6702.3804
2020-09-28 06:00:00+00:00,8056.0,7074.7754
2020-09-28 07:00:00+00:00,8119.0,7192.032
2020-09-28 08:00:00+00:00,8214.0,7204.677
2020-09-28 09:00:00+00:00,8298.0,7188.476
2020-09-28 10:00:00+00:00,8080.0,7081.541
2020-09-28 11:00:00+00:00,8004.0,6946.9146
2020-09-28 12:00:00+00:00,7899.0,6870.5513
2020-09-28 13:00:00+00:00,7821.0,6884.8076
2020-09-28 14:00:00+00:00,7767.0,6982.2007
2020-09-28 15:00:00+00:00,7809.0,7114.8594
2020-09-28 16:00:00+00:00,7902.0,7143.7534
2020-09-28 17:00:00+00:00,7825.0,7009.4897
2020-09-28 18:00:00+00:00,7359.0,6729.7627
2020-09-28 19:00:00+00:00,6759.0,6460.352
2020-09-27 21:00:00+00:00,5376.0,5318.8486
2020-09-27 22:00:00+00:00,5131.0,5109.0503
2020-09-27 23:00:00+00:00,4884.0,4928.439
2020-09-28 00:00:00+00:00,4845.0,4781.251
2020-09-28 01:00:00+00:00,4788.0,4754.193
2020-09-28 02:00:00+00:00,4967.0,4961.664
2020-09-28 03:00:00+00:00,5621.0,5465.1743
2020-09-28 04:00:00+00:00,6853.0,6136.663
2020-09-28 05:00:00+00:00,7726.0,6704.3994
2020-09-28 06:00:00+00:00,8056.0,7043.392
2020-09-28 07:00:00+00:00,8119.0,7172.282
2020-09-28 08:00:00+00:00,8214.0,7173.0923
2020-09-28 09:00:00+00:00,8298.0,7110.3115
2020-09-28 10:00:00+00:00,8080.0,7047.18
2020-09-28 11:00:00+00:00,8004.0,6934.9517
2020-09-28 12:00:00+00:00,7899.0,6807.245
2020-09-28 13:00:00+00:00,7821.0,6775.2515
2020-09-28 14:00:00+00:00,7767.0,6892.1577
2020-09-28 15:00:00+00:00,7809.0,7062.372
2020-09-28 16:00:00+00:00,7902.0,7102.3374
2020-09-28 17:00:00+00:00,7825.0,6900.208
2020-09-28 18:00:00+00:00,7359.0,6594.6963
2020-09-28 19:00:00+00:00,6759.0,6311.613
2020-09-28 20:00:00+00:00,6400.0,6086.3135
2020-09-27 22:00:00+00:00,5131.0,5101.2627
2020-09-27 23:00:00+00:00,4884.0,4932.5635
2020-09-28 00:00:00+00:00,4845.0,4839.639
2020-09-28 01:00:00+00:00,4788.0,4808.9854
2020-09-28 02:00:00+00:00,4967.0,5010.5366
2020-09-28 03:00:00+00:00,5621.0,5528.844
2020-09-28 04:00:00+00:00,6853.0,6233.724
2020-09-28 05:00:00+00:00,7726.0,6841.894
2020-09-28 06:00:00+00:00,8056.0,7178.04
2020-09-28 07:00:00+00:00,8119.0,7325.836
2020-09-28 08:00:00+00:00,8214.0,7347.0312
2020-09-28 09:00:00+00:00,8298.0,7282.6353
2020-09-28 10:00:00+00:00,8080.0,7157.81
2020-09-28 11:00:00+00:00,8004.0,7070.135
2020-09-28 12:00:00+00:00,7899.0,6999.96
2020-09-28 13:00:00+00:00,7821.0,6941.026
2020-09-28 14:00:00+00:00,7767.0,6960.478
2020-09-28 15:00:00+00:00,7809.0,7061.6797
2020-09-28 16:00:00+00:00,7902.0,7121.7603
2020-09-28 17:00:00+00:00,7825.0,7011.81
2020-09-28 18:00:00+00:00,7359.0,6705.7007
2020-09-28 19:00:00+00:00,6759.0,6356.19
2020-09-28 20:00:00+00:00,6400.0,6036.516
2020-09-28 21:00:00+00:00,5869.0,5739.8257
2020-09-27 23:00:00+00:00,4884.0,4875.4023
2020-09-28 00:00:00+00:00,4845.0,4794.159
2020-09-28 01:00:00+00:00,4788.0,4828.4375
2020-09-28 02:00:00+00:00,4967.0,5015.6045
2020-09-28 03:00:00+00:00,5621.0,5517.705
2020-09-28 04:00:00+00:00,6853.0,6245.9556
2020-09-28 05:00:00+00:00,7726.0,6914.433
2020-09-28 06:00:00+00:00,8056.0,7286.6206
2020-09-28 07:00:00+00:00,8119.0,7394.882
2020-09-28 08:00:00+00:00,8214.0,7411.057
2020-09-28 09:00:00+00:00,8298.0,7333.0986
2020-09-28 10:00:00+00:00,8080.0,7205.235
2020-09-28 11:00:00+00:00,8004.0,7075.9365
2020-09-28 12:00:00+00:00,7899.0,7044.6274
2020-09-28 13:00:00+00:00,7821.0,7070.6406
2020-09-28 14:00:00+00:00,7767.0,7109.5234
2020-09-28 15:00:00+00:00,7809.0,7144.721
2020-09-28 16:00:00+00:00,7902.0,7129.655
2020-09-28 17:00:00+00:00,7825.0,6998.679
2020-09-28 18:00:00+00:00,7359.0,6768.7256
2020-09-28 19:00:00+00:00,6759.0,6447.359
2020-09-28 20:00:00+00:00,6400.0,6100.491
2020-09-28 21:00:00+00:00,5869.0,5754.0967
2020-09-28 22:00:00+00:00,5600.0,5450.1357
2020-09-28 00:00:00+00:00,4845.0,4752.201
2020-09-28 01:00:00+00:00,4788.0,4801.891
2020-09-28 02:00:00+00:00,4967.0,5077.1997
2020-09-28 03:00:00+00:00,5621.0,5582.0054
2020-09-28 04:00:00+00:00,6853.0,6273.6455
2020-09-28 05:00:00+00:00,7726.0,6895.9062
2020-09-28 06:00:00+00:00,8056.0,7295.0254
2020-09-28 07:00:00+00:00,8119.0,7458.7803
2020-09-28 08:00:00+00:00,8214.0,7473.1504
2020-09-28 09:00:00+00:00,8298.0,7428.4604
2020-09-28 10:00:00+00:00,8080.0,7310.3257
2020-09-28 11:00:00+00:00,8004.0,7200.45
2020-09-28 12:00:00+00:00,7899.0,7117.9326
2020-09-28 13:00:00+00:00,7821.0,7128.4233
2020-09-28 14:00:00+00:00,7767.0,7202.589
2020-09-28 15:00:00+00:00,7809.0,7250.944
2020-09-28 16:00:00+00:00,7902.0,7183.832
2020-09-28 17:00:00+00:00,7825.0,6976.7153
2020-09-28 18:00:00+00:00,7359.0,6683.6035
2020-09-28 19:00:00+00:00,6759.0,6383.778
2020-09-28 20:00:00+00:00,6400.0,6037.949
2020-09-28 21:00:00+00:00,5869.0,5674.8633
2020-09-28 22:00:00+00:00,5600.0,5391.2334
2020-09-28 23:00:00+00:00,5363.0,5223.8696
2020-09-28 01:00:00+00:00,4788.0,4761.0625
2020-09-28 02:00:00+00:00,4967.0,5028.1914
2020-09-28 03:00:00+00:00,5621.0,5576.7393
2020-09-28 04:00:00+00:00,6853.0,6252.324
2020-09-28 05:00:00+00:00,7726.0,6856.391
2020-09-28 06:00:00+00:00,8056.0,7199.616
2020-09-28 07:00:00+00:00,8119.0,7336.303
2020-09-28 08:00:00+00:00,8214.0,7381.2544
2020-09-28 09:00:00+00:00,8298.0,7347.1597
2020-09-28 10:00:00+00:00,8080.0,7247.213
2020-09-28 11:00:00+00:00,8004.0,7110.7983
2020-09-28 12:00:00+00:00,7899.0,7041.7173
2020-09-28 13:00:00+00:00,7821.0,7028.452
2020-09-28 14:00:00+00:00,7767.0,7096.621
2020-09-28 15:00:00+00:00,7809.0,7170.1606
2020-09-28 16:00:00+00:00,7902.0,7136.2446
2020-09-28 17:00:00+00:00,7825.0,6955.717
2020-09-28 18:00:00+00:00,7359.0,6661.3735
2020-09-28 19:00:00+00:00,6759.0,6328.1045
2020-09-28 20:00:00+00:00,6400.0,5996.0444
2020-09-28 21:00:00+00:00,5869.0,5637.107
2020-09-28 22:00:00+00:00,5600.0,5326.469
2020-09-28 23:00:00+00:00,5363.0,5170.2393
2020-09-29 00:00:00+00:00,5273.0,5152.4697
2020-09-28 02:00:00+00:00,4967.0,5052.117
2020-09-28 03:00:00+00:00,5621.0,5643.612
2020-09-28 04:00:00+00:00,6853.0,6421.6924
2020-09-28 05:00:00+00:00,7726.0,7031.769
2020-09-28 06:00:00+00:00,8056.0,7345.923
2020-09-28 07:00:00+00:00,8119.0,7428.9316
2020-09-28 08:00:00+00:00,8214.0,7422.1597
2020-09-28 09:00:00+00:00,8298.0,7365.347
2020-09-28 10:00:00+00:00,8080.0,7252.138
2020-09-28 11:00:00+00:00,8004.0,7161.77
2020-09-28 12:00:00+00:00,7899.0,7105.079
2020-09-28 13:00:00+00:00,7821.0,7094.181
2020-09-28 14:00:00+00:00,7767.0,7102.175
2020-09-28 15:00:00+00:00,7809.0,7180.7563
2020-09-28 16:00:00+00:00,7902.0,7193.088
2020-09-28 17:00:00+00:00,7825.0,7012.621
2020-09-28 18:00:00+00:00,7359.0,6685.2896
2020-09-28 19:00:00+00:00,6759.0,6315.216
2020-09-28 20:00:00+00:00,6400.0,5975.4653
2020-09-28 21:00:00+00:00,5869.0,5636.2183
2020-09-28 22:00:00+00:00,5600.0,5319.407
2020-09-28 23:00:00+00:00,5363.0,5099.759
2020-09-29 00:00:00+00:00,5273.0,5056.777
2020-09-29 01:00:00+00:00,5192.0,5171.187
2020-09-28 03:00:00+00:00,5621.0,5702.3066
2020-09-28 04:00:00+00:00,6853.0,6428.623
2020-09-28 05:00:00+00:00,7726.0,7112.034
2020-09-28 06:00:00+00:00,8056.0,7516.3584
2020-09-28 07:00:00+00:00,8119.0,7652.3545
2020-09-28 08:00:00+00:00,8214.0,7627.8154
2020-09-28 09:00:00+00:00,8298.0,7528.74
2020-09-28 10:00:00+00:00,8080.0,7379.2495
2020-09-28 11:00:00+00:00,8004.0,7231.5264
2020-09-28 12:00:00+00:00,7899.0,7150.8438
2020-09-28 13:00:00+00:00,7821.0,7172.0825
2020-09-28 14:00:00+00:00,7767.0,7269.8267
2020-09-28 15:00:00+00:00,7809.0,7344.053
2020-09-28 16:00:00+00:00,7902.0,7315.5845
2020-09-28 17:00:00+00:00,7825.0,7121.593
2020-09-28 18:00:00+00:00,7359.0,6798.149
2020-09-28 19:00:00+00:00,6759.0,6455.79
2020-09-28 20:00:00+00:00,6400.0,6099.279
2020-09-28 21:00:00+00:00,5869.0,5764.0054
2020-09-28 22:00:00+00:00,5600.0,5446.667
2020-09-28 23:00:00+00:00,5363.0,5197.307
2020-09-29 00:00:00+00:00,5273.0,5041.8726
2020-09-29 01:00:00+00:00,5192.0,5044.1245
2020-09-29 02:00:00+00:00,5303.0,5276.8696
2020-09-28 04:00:00+00:00,6853.0,6613.905
2020-09-28 05:00:00+00:00,7726.0,7163.1333
2020-09-28 06:00:00+00:00,8056.0,7508.9556
2020-09-28 07:00:00+00:00,8119.0,7685.9834
2020-09-28 08:00:00+00:00,8214.0,7732.3438
2020-09-28 09:00:00+00:00,8298.0,7640.866
2020-09-28 10:00:00+00:00,8080.0,7464.692
2020-09-28 11:00:00+00:00,8004.0,7292.2256
2020-09-28 12:00:00+00:00,7899.0,7191.873
2020-09-28 13:00:00+00:00,7821.0,7162.7246
2020-09-28 14:00:00+00:00,7767.0,7252.691
2020-09-28 15:00:00+00:00,7809.0,7381.986
2020-09-28 16:00:00+00:00,7902.0,7370.1963
2020-09-28 17:00:00+00:00,7825.0,7140.901
2020-09-28 18:00:00+00:00,7359.0,6800.4336
2020-09-28 19:00:00+00:00,6759.0,6449.7124
2020-09-28 20:00:00+00:00,6400.0,6132.7905
2020-09-28 21:00:00+00:00,5869.0,5776.821
2020-09-28 22:00:00+00:00,5600.0,5462.2476
2020-09-28 23:00:00+00:00,5363.0,5221.173
2020-09-29 00:00:00+00:00,5273.0,5060.778
2020-09-29 01:00:00+00:00,5192.0,5014.8164
2020-09-29 02:00:00+00:00,5303.0,5226.8696
2020-09-29 03:00:00+00:00,5836.0,5733.649
2020-09-28 05:00:00+00:00,7726.0,7526.75
2020-09-28 06:00:00+00:00,8056.0,7848.873
2020-09-28 07:00:00+00:00,8119.0,8006.6313
2020-09-28 08:00:00+00:00,8214.0,8084.22
2020-09-28 09:00:00+00:00,8298.0,8068.354
2020-09-28 10:00:00+00:00,8080.0,7938.255
2020-09-28 11:00:00+00:00,8004.0,7751.274
2020-09-28 12:00:00+00:00,7899.0,7586.949
2020-09-28 13:00:00+00:00,7821.0,7521.5483
2020-09-28 14:00:00+00:00,7767.0,7542.6606
2020-09-28 15:00:00+00:00,7809.0,7626.7485
2020-09-28 16:00:00+00:00,7902.0,7631.2896
2020-09-28 17:00:00+00:00,7825.0,7434.6978
2020-09-28 18:00:00+00:00,7359.0,7095.773
2020-09-28 19:00:00+00:00,6759.0,6744.393
2020-09-28 20:00:00+00:00,6400.0,6381.694
2020-09-28 21:00:00+00:00,5869.0,6008.278
2020-09-28 22:00:00+00:00,5600.0,5634.9165
2020-09-28 23:00:00+00:00,5363.0,5360.675
2020-09-29 00:00:00+00:00,5273.0,5173.6855
2020-09-29 01:00:00+00:00,5192.0,5109.7153
2020-09-29 02:00:00+00:00,5303.0,5296.059
2020-09-29 03:00:00+00:00,5836.0,5872.4326
2020-09-29 04:00:00+00:00,6864.0,6641.42
2020-09-28 06:00:00+00:00,8056.0,7950.8237
2020-09-28 07:00:00+00:00,8119.0,8147.758
2020-09-28 08:00:00+00:00,8214.0,8223.276
2020-09-28 09:00:00+00:00,8298.0,8190.8765
2020-09-28 10:00:00+00:00,8080.0,8091.0737
2020-09-28 11:00:00+00:00,8004.0,7955.0156
2020-09-28 12:00:00+00:00,7899.0,7800.0625
2020-09-28 13:00:00+00:00,7821.0,7679.7456
2020-09-28 14:00:00+00:00,7767.0,7659.6416
2020-09-28 15:00:00+00:00,7809.0,7707.5557
2020-09-28 16:00:00+00:00,7902.0,7708.812
2020-09-28 17:00:00+00:00,7825.0,7545.5103
2020-09-28 18:00:00+00:00,7359.0,7210.7686
2020-09-28 19:00:00+00:00,6759.0,6805.726
2020-09-28 20:00:00+00:00,6400.0,6411.3003
2020-09-28 21:00:00+00:00,5869.0,6020.24
2020-09-28 22:00:00+00:00,5600.0,5670.833
2020-09-28 23:00:00+00:00,5363.0,5395.5806
2020-09-29 00:00:00+00:00,5273.0,5223.9556
2020-09-29 01:00:00+00:00,5192.0,5176.487
2020-09-29 02:00:00+00:00,5303.0,5372.018
2020-09-29 03:00:00+00:00,5836.0,5931.1377
2020-09-29 04:00:00+00:00,6864.0,6771.954
2020-09-29 05:00:00+00:00,7645.0,7567.559
2020-09-28 07:00:00+00:00,8119.0,8100.5234
2020-09-28 08:00:00+00:00,8214.0,8202.17
2020-09-28 09:00:00+00:00,8298.0,8210.992
2020-09-28 10:00:00+00:00,8080.0,8094.3584
2020-09-28 11:00:00+00:00,8004.0,7940.1797
2020-09-28 12:00:00+00:00,7899.0,7824.6255
2020-09-28 13:00:00+00:00,7821.0,7756.584
2020-09-28 14:00:00+00:00,7767.0,7752.852
2020-09-28 15:00:00+00:00,7809.0,7778.9717
2020-09-28 16:00:00+00:00,7902.0,7742.5625
2020-09-28 17:00:00+00:00,7825.0,7561.77
2020-09-28 18:00:00+00:00,7359.0,7254.2466
2020-09-28 19:00:00+00:00,6759.0,6893.551
2020-09-28 20:00:00+00:00,6400.0,6485.848
2020-09-28 21:00:00+00:00,5869.0,6074.6235
2020-09-28 22:00:00+00:00,5600.0,5716.4805
2020-09-28 23:00:00+00:00,5363.0,5463.9624
2020-09-29 00:00:00+00:00,5273.0,5307.1685
2020-09-29 01:00:00+00:00,5192.0,5271.849
2020-09-29 02:00:00+00:00,5303.0,5481.017
2020-09-29 03:00:00+00:00,5836.0,6030.3286
2020-09-29 04:00:00+00:00,6864.0,6830.254
2020-09-29 05:00:00+00:00,7645.0,7578.697
2020-09-29 06:00:00+00:00,7938.0,8065.981
2020-09-28 08:00:00+00:00,8214.0,8235.135
2020-09-28 09:00:00+00:00,8298.0,8200.478
2020-09-28 10:00:00+00:00,8080.0,8093.947
2020-09-28 11:00:00+00:00,8004.0,7960.5107
2020-09-28 12:00:00+00:00,7899.0,7852.614
2020-09-28 13:00:00+00:00,7821.0,7804.493
2020-09-28 14:00:00+00:00,7767.0,7804.708
2020-09-28 15:00:00+00:00,7809.0,7835.8228
2020-09-28 16:00:00+00:00,7902.0,7781.4575
2020-09-28 17:00:00+00:00,7825.0,7592.032
2020-09-28 18:00:00+00:00,7359.0,7286.197
2020-09-28 19:00:00+00:00,6759.0,6930.809
2020-09-28 20:00:00+00:00,6400.0,6570.1465
2020-09-28 21:00:00+00:00,5869.0,6152.254
2020-09-28 22:00:00+00:00,5600.0,5772.6416
2020-09-28 23:00:00+00:00,5363.0,5497.967
2020-09-29 00:00:00+00:00,5273.0,5330.1396
2020-09-29 01:00:00+00:00,5192.0,5270.622
2020-09-29 02:00:00+00:00,5303.0,5461.71
2020-09-29 03:00:00+00:00,5836.0,6041.3896
2020-09-29 04:00:00+00:00,6864.0,6877.975
2020-09-29 05:00:00+00:00,7645.0,7617.356
2020-09-29 06:00:00+00:00,7938.0,8022.4976
2020-09-29 07:00:00+00:00,7961.0,8145.6685
2020-09-28 09:00:00+00:00,8298.0,8212.539
2020-09-28 10:00:00+00:00,8080.0,8070.924
2020-09-28 11:00:00+00:00,8004.0,7918.568
2020-09-28 12:00:00+00:00,7899.0,7801.2217
2020-09-28 13:00:00+00:00,7821.0,7758.2363
2020-09-28 14:00:00+00:00,7767.0,7810.838
2020-09-28 15:00:00+00:00,7809.0,7877.0947
2020-09-28 16:00:00+00:00,7902.0,7836.8813
2020-09-28 17:00:00+00:00,7825.0,7589.478
2020-09-28 18:00:00+00:00,7359.0,7253.988
2020-09-28 19:00:00+00:00,6759.0,6882.7554
2020-09-28 20:00:00+00:00,6400.0,6491.357
2020-09-28 21:00:00+00:00,5869.0,6110.0186
2020-09-28 22:00:00+00:00,5600.0,5753.5
2020-09-28 23:00:00+00:00,5363.0,5480.8184
2020-09-29 00:00:00+00:00,5273.0,5297.092
2020-09-29 01:00:00+00:00,5192.0,5259.2085
2020-09-29 02:00:00+00:00,5303.0,5503.775
2020-09-29 03:00:00+00:00,5836.0,6108.96
2020-09-29 04:00:00+00:00,6864.0,6941.837
2020-09-29 05:00:00+00:00,7645.0,7663.2217
2020-09-29 06:00:00+00:00,7938.0,8045.789
2020-09-29 07:00:00+00:00,7961.0,8162.7344
2020-09-29 08:00:00+00:00,8031.0,8149.473
2020-09-28 10:00:00+00:00,8080.0,7985.596
2020-09-28 11:00:00+00:00,8004.0,7824.6465
2020-09-28 12:00:00+00:00,7899.0,7712.795
2020-09-28 13:00:00+00:00,7821.0,7663.258
2020-09-28 14:00:00+00:00,7767.0,7687.629
2020-09-28 15:00:00+00:00,7809.0,7738.6562
2020-09-28 16:00:00+00:00,7902.0,7714.5864
2020-09-28 17:00:00+00:00,7825.0,7549.465
2020-09-28 18:00:00+00:00,7359.0,7209.6675
2020-09-28 19:00:00+00:00,6759.0,6853.394
2020-09-28 20:00:00+00:00,6400.0,6468.5005
2020-09-28 21:00:00+00:00,5869.0,6072.8647
2020-09-28 22:00:00+00:00,5600.0,5719.2188
2020-09-28 23:00:00+00:00,5363.0,5448.117
2020-09-29 00:00:00+00:00,5273.0,5259.1406
2020-09-29 01:00:00+00:00,5192.0,5223.142
2020-09-29 02:00:00+00:00,5303.0,5482.404
2020-09-29 03:00:00+00:00,5836.0,6122.19
2020-09-29 04:00:00+00:00,6864.0,6956.815
2020-09-29 05:00:00+00:00,7645.0,7685.5527
2020-09-29 06:00:00+00:00,7938.0,8099.9556
2020-09-29 07:00:00+00:00,7961.0,8226.2705
2020-09-29 08:00:00+00:00,8031.0,8229.811
2020-09-29 09:00:00+00:00,8093.0,8167.8584
2020-09-28 11:00:00+00:00,8004.0,7830.266
2020-09-28 12:00:00+00:00,7899.0,7730.7715
2020-09-28 13:00:00+00:00,7821.0,7701.4917
2020-09-28 14:00:00+00:00,7767.0,7724.473
2020-09-28 15:00:00+00:00,7809.0,7764.7183
2020-09-28 16:00:00+00:00,7902.0,7707.241
2020-09-28 17:00:00+00:00,7825.0,7483.0957
2020-09-28 18:00:00+00:00,7359.0,7169.447
2020-09-28 19:00:00+00:00,6759.0,6788.0264
2020-09-28 20:00:00+00:00,6400.0,6422.0864
2020-09-28 21:00:00+00:00,5869.0,6013.758
2020-09-28 22:00:00+00:00,5600.0,5641.404
2020-09-28 23:00:00+00:00,5363.0,5376.858
2020-09-29 00:00:00+00:00,5273.0,5229.292
2020-09-29 01:00:00+00:00,5192.0,5224.997
2020-09-29 02:00:00+00:00,5303.0,5516.853
2020-09-29 03:00:00+00:00,5836.0,6176.305
2020-09-29 04:00:00+00:00,6864.0,7044.8374
2020-09-29 05:00:00+00:00,7645.0,7773.4976
2020-09-29 06:00:00+00:00,7938.0,8186.5444
2020-09-29 07:00:00+00:00,7961.0,8325.53
2020-09-29 08:00:00+00:00,8031.0,8306.233
2020-09-29 09:00:00+00:00,8093.0,8206.666
2020-09-29 10:00:00+00:00,7892.0,8062.7285
2020-09-28 12:00:00+00:00,7899.0,7739.7324
2020-09-28 13:00:00+00:00,7821.0,7683.174
2020-09-28 14:00:00+00:00,7767.0,7726.75
2020-09-28 15:00:00+00:00,7809.0,7795.9536
2020-09-28 16:00:00+00:00,7902.0,7760.332
2020-09-28 17:00:00+00:00,7825.0,7558.274
2020-09-28 18:00:00+00:00,7359.0,7194.939
2020-09-28 19:00:00+00:00,6759.0,6821.109
2020-09-28 20:00:00+00:00,6400.0,6428.7305
2020-09-28 21:00:00+00:00,5869.0,6055.8467
2020-09-28 22:00:00+00:00,5600.0,5687.7144
2020-09-28 23:00:00+00:00,5363.0,5393.444
2020-09-29 00:00:00+00:00,5273.0,5223.098
2020-09-29 01:00:00+00:00,5192.0,5208.4556
2020-09-29 02:00:00+00:00,5303.0,5495.2017
2020-09-29 03:00:00+00:00,5836.0,6175.011
2020-09-29 04:00:00+00:00,6864.0,7070.471
2020-09-29 05:00:00+00:00,7645.0,7812.402
2020-09-29 06:00:00+00:00,7938.0,8173.6357
2020-09-29 07:00:00+00:00,7961.0,8276.565
2020-09-29 08:00:00+00:00,8031.0,8286.834
2020-09-29 09:00:00+00:00,8093.0,8224.887
2020-09-29 10:00:00+00:00,7892.0,8095.9595
2020-09-29 11:00:00+00:00,7831.0,7944.2812
2020-09-28 13:00:00+00:00,7821.0,7739.324
2020-09-28 14:00:00+00:00,7767.0,7744.81
2020-09-28 15:00:00+00:00,7809.0,7784.1357
2020-09-28 16:00:00+00:00,7902.0,7751.289
2020-09-28 17:00:00+00:00,7825.0,7549.277
2020-09-28 18:00:00+00:00,7359.0,7247.384
2020-09-28 19:00:00+00:00,6759.0,6865.044
2020-09-28 20:00:00+00:00,6400.0,6483.07
2020-09-28 21:00:00+00:00,5869.0,6073.467
2020-09-28 22:00:00+00:00,5600.0,5705.1416
2020-09-28 23:00:00+00:00,5363.0,5405.025
2020-09-29 00:00:00+00:00,5273.0,5208.7505
2020-09-29 01:00:00+00:00,5192.0,5183.215
2020-09-29 02:00:00+00:00,5303.0,5420.8037
2020-09-29 03:00:00+00:00,5836.0,6053.8564
2020-09-29 04:00:00+00:00,6864.0,6946.471
2020-09-29 05:00:00+00:00,7645.0,7744.256
2020-09-29 06:00:00+00:00,7938.0,8175.562
2020-09-29 07:00:00+00:00,7961.0,8268.561
2020-09-29 08:00:00+00:00,8031.0,8264.424
2020-09-29 09:00:00+00:00,8093.0,8235.316
2020-09-29 10:00:00+00:00,7892.0,8134.2363
2020-09-29 11:00:00+00:00,7831.0,8001.358
2020-09-29 12:00:00+00:00,7714.0,7910.6904
2020-09-28 14:00:00+00:00,7767.0,7709.0356
2020-09-28 15:00:00+00:00,7809.0,7736.435
2020-09-28 16:00:00+00:00,7902.0,7688.4595
2020-09-28 17:00:00+00:00,7825.0,7493.543
2020-09-28 18:00:00+00:00,7359.0,7161.807
2020-09-28 19:00:00+00:00,6759.0,6805.897
2020-09-28 20:00:00+00:00,6400.0,6415.4326
2020-09-28 21:00:00+00:00,5869.0,6020.817
2020-09-28 22:00:00+00:00,5600.0,5666.072
2020-09-28 23:00:00+00:00,5363.0,5389.921
2020-09-29 00:00:00+00:00,5273.0,5198.2725
2020-09-29 01:00:00+00:00,5192.0,5149.0103
2020-09-29 02:00:00+00:00,5303.0,5399.7026
2020-09-29 03:00:00+00:00,5836.0,6003.059
2020-09-29 04:00:00+00:00,6864.0,6858.119
2020-09-29 05:00:00+00:00,7645.0,7642.047
2020-09-29 06:00:00+00:00,7938.0,8119.5615
2020-09-29 07:00:00+00:00,7961.0,8284.329
2020-09-29 08:00:00+00:00,8031.0,8259.178
2020-09-29 09:00:00+00:00,8093.0,8187.9355
2020-09-29 10:00:00+00:00,7892.0,8079.7295
2020-09-29 11:00:00+00:00,7831.0,7950.4736
2020-09-29 12:00:00+00:00,7714.0,7852.17
2020-09-29 13:00:00+00:00,7662.0,7835.7812
2020-09-28 15:00:00+00:00,7809.0,7747.761
2020-09-28 16:00:00+00:00,7902.0,7690.346
2020-09-28 17:00:00+00:00,7825.0,7494.0737
2020-09-28 18:00:00+00:00,7359.0,7193.8257
2020-09-28 19:00:00+00:00,6759.0,6809.778
2020-09-28 20:00:00+00:00,6400.0,6415.498
2020-09-28 21:00:00+00:00,5869.0,6002.061
2020-09-28 22:00:00+00:00,5600.0,5635.5693
2020-09-28 23:00:00+00:00,5363.0,5370.3203
2020-09-29 00:00:00+00:00,5273.0,5183.018
2020-09-29 01:00:00+00:00,5192.0,5139.483
2020-09-29 02:00:00+00:00,5303.0,5389.224
2020-09-29 03:00:00+00:00,5836.0,6040.577
2020-09-29 04:00:00+00:00,6864.0,6878.1543
2020-09-29 05:00:00+00:00,7645.0,7615.338
2020-09-29 06:00:00+00:00,7938.0,8046.342
2020-09-29 07:00:00+00:00,7961.0,8211.061
2020-09-29 08:00:00+00:00,8031.0,8216.465
2020-09-29 09:00:00+00:00,8093.0,8135.3726
2020-09-29 10:00:00+00:00,7892.0,8029.7637
2020-09-29 11:00:00+00:00,7831.0,7914.2603
2020-09-29 12:00:00+00:00,7714.0,7809.9536
2020-09-29 13:00:00+00:00,7662.0,7766.92
2020-09-29 14:00:00+00:00,7617.0,7808.9634
2020-09-28 16:00:00+00:00,7902.0,7769.0317
2020-09-28 17:00:00+00:00,7825.0,7568.5293
2020-09-28 18:00:00+00:00,7359.0,7227.7295
2020-09-28 19:00:00+00:00,6759.0,6858.805
2020-09-28 20:00:00+00:00,6400.0,6453.306
2020-09-28 21:00:00+00:00,5869.0,6051.1133
2020-09-28 22:00:00+00:00,5600.0,5662.271
2020-09-28 23:00:00+00:00,5363.0,5360.9307
2020-09-29 00:00:00+00:00,5273.0,5182.2974
2020-09-29 01:00:00+00:00,5192.0,5138.3794
2020-09-29 02:00:00+00:00,5303.0,5380.628
2020-09-29 03:00:00+00:00,5836.0,5993.997
2020-09-29 04:00:00+00:00,6864.0,6850.2466
2020-09-29 05:00:00+00:00,7645.0,7547.107
2020-09-29 06:00:00+00:00,7938.0,7934.729
2020-09-29 07:00:00+00:00,7961.0,8085.1445
2020-09-29 08:00:00+00:00,8031.0,8154.4263
2020-09-29 09:00:00+00:00,8093.0,8144.913
2020-09-29 10:00:00+00:00,7892.0,8047.014
2020-09-29 11:00:00+00:00,7831.0,7925.8037
2020-09-29 12:00:00+00:00,7714.0,7814.5747
2020-09-29 13:00:00+00:00,7662.0,7750.962
2020-09-29 14:00:00+00:00,7617.0,7754.398
2020-09-29 15:00:00+00:00,7654.0,7807.1714
2020-09-28 17:00:00+00:00,7825.0,7605.9683
2020-09-28 18:00:00+00:00,7359.0,7265.5283
2020-09-28 19:00:00+00:00,6759.0,6857.3574
2020-09-28 20:00:00+00:00,6400.0,6481.389
2020-09-28 21:00:00+00:00,5869.0,6074.603
2020-09-28 22:00:00+00:00,5600.0,5716.4385
2020-09-28 23:00:00+00:00,5363.0,5422.7207
2020-09-29 00:00:00+00:00,5273.0,5224.371
2020-09-29 01:00:00+00:00,5192.0,5162.238
2020-09-29 02:00:00+00:00,5303.0,5367.558
2020-09-29 03:00:00+00:00,5836.0,6005.4604
2020-09-29 04:00:00+00:00,6864.0,6891.188
2020-09-29 05:00:00+00:00,7645.0,7672.394
2020-09-29 06:00:00+00:00,7938.0,8056.656
2020-09-29 07:00:00+00:00,7961.0,8166.3735
2020-09-29 08:00:00+00:00,8031.0,8170.318
2020-09-29 09:00:00+00:00,8093.0,8156.3804
2020-09-29 10:00:00+00:00,7892.0,8067.7383
2020-09-29 11:00:00+00:00,7831.0,7924.3467
2020-09-29 12:00:00+00:00,7714.0,7799.7207
2020-09-29 13:00:00+00:00,7662.0,7728.6553
2020-09-29 14:00:00+00:00,7617.0,7748.2925
2020-09-29 15:00:00+00:00,7654.0,7805.3325
2020-09-29 16:00:00+00:00,7734.0,7794.967
2020-09-28 18:00:00+00:00,7359.0,7313.1113
2020-09-28 19:00:00+00:00,6759.0,6938.5723
2020-09-28 20:00:00+00:00,6400.0,6510.4917
2020-09-28 21:00:00+00:00,5869.0,6104.3438
2020-09-28 22:00:00+00:00,5600.0,5725.6147
2020-09-28 23:00:00+00:00,5363.0,5459.354
2020-09-29 00:00:00+00:00,5273.0,5281.1
2020-09-29 01:00:00+00:00,5192.0,5250.14
2020-09-29 02:00:00+00:00,5303.0,5496.964
2020-09-29 03:00:00+00:00,5836.0,6102.852
2020-09-29 04:00:00+00:00,6864.0,6938.7007
2020-09-29 05:00:00+00:00,7645.0,7647.54
2020-09-29 06:00:00+00:00,7938.0,8060.637
2020-09-29 07:00:00+00:00,7961.0,8205.239
2020-09-29 08:00:00+00:00,8031.0,8239.102
2020-09-29 09:00:00+00:00,8093.0,8191.612
2020-09-29 10:00:00+00:00,7892.0,8081.785
2020-09-29 11:00:00+00:00,7831.0,7937.9414
2020-09-29 12:00:00+00:00,7714.0,7827.722
2020-09-29 13:00:00+00:00,7662.0,7784.0464
2020-09-29 14:00:00+00:00,7617.0,7812.247
2020-09-29 15:00:00+00:00,7654.0,7862.845
2020-09-29 16:00:00+00:00,7734.0,7811.1543
2020-09-29 17:00:00+00:00,7746.0,7613.855
2020-09-28 19:00:00+00:00,6759.0,6675.3745
2020-09-28 20:00:00+00:00,6400.0,6353.7705
2020-09-28 21:00:00+00:00,5869.0,5972.455
2020-09-28 22:00:00+00:00,5600.0,5624.6323
2020-09-28 23:00:00+00:00,5363.0,5359.161
2020-09-29 00:00:00+00:00,5273.0,5221.064
2020-09-29 01:00:00+00:00,5192.0,5206.8545
2020-09-29 02:00:00+00:00,5303.0,5450.427
2020-09-29 03:00:00+00:00,5836.0,6055.9155
2020-09-29 04:00:00+00:00,6864.0,6894.054
2020-09-29 05:00:00+00:00,7645.0,7638.597
2020-09-29 06:00:00+00:00,7938.0,8035.2397
2020-09-29 07:00:00+00:00,7961.0,8166.1533
2020-09-29 08:00:00+00:00,8031.0,8168.5503
2020-09-29 09:00:00+00:00,8093.0,8125.2515
2020-09-29 10:00:00+00:00,7892.0,8035.137
2020-09-29 11:00:00+00:00,7831.0,7922.3076
2020-09-29 12:00:00+00:00,7714.0,7819.473
2020-09-29 13:00:00+00:00,7662.0,7774.855
2020-09-29 14:00:00+00:00,7617.0,7806.704
2020-09-29 15:00:00+00:00,7654.0,7882.8164
2020-09-29 16:00:00+00:00,7734.0,7876.979
2020-09-29 17:00:00+00:00,7746.0,7646.3335
2020-09-29 18:00:00+00:00,7259.0,7291.201
2020-09-28 20:00:00+00:00,6400.0,6359.258
2020-09-28 21:00:00+00:00,5869.0,5997.372
2020-09-28 22:00:00+00:00,5600.0,5643.853
2020-09-28 23:00:00+00:00,5363.0,5392.196
2020-09-29 00:00:00+00:00,5273.0,5237.115
2020-09-29 01:00:00+00:00,5192.0,5199.532
2020-09-29 02:00:00+00:00,5303.0,5409.466
2020-09-29 03:00:00+00:00,5836.0,6020.26
2020-09-29 04:00:00+00:00,6864.0,6878.09
2020-09-29 05:00:00+00:00,7645.0,7632.303
2020-09-29 06:00:00+00:00,7938.0,8050.608
2020-09-29 07:00:00+00:00,7961.0,8166.279
2020-09-29 08:00:00+00:00,8031.0,8187.933
2020-09-29 09:00:00+00:00,8093.0,8135.2886
2020-09-29 10:00:00+00:00,7892.0,8024.3633
2020-09-29 11:00:00+00:00,7831.0,7892.6836
2020-09-29 12:00:00+00:00,7714.0,7806.8706
2020-09-29 13:00:00+00:00,7662.0,7743.6675
2020-09-29 14:00:00+00:00,7617.0,7725.0625
2020-09-29 15:00:00+00:00,7654.0,7756.59
2020-09-29 16:00:00+00:00,7734.0,7761.2637
2020-09-29 17:00:00+00:00,7746.0,7610.58
2020-09-29 18:00:00+00:00,7259.0,7274.323
2020-09-29 19:00:00+00:00,6643.0,6894.2856
2020-09-28 21:00:00+00:00,5869.0,5969.779
2020-09-28 22:00:00+00:00,5600.0,5686.633
2020-09-28 23:00:00+00:00,5363.0,5463.859
2020-09-29 00:00:00+00:00,5273.0,5294.0527
2020-09-29 01:00:00+00:00,5192.0,5256.188
2020-09-29 02:00:00+00:00,5303.0,5504.789
2020-09-29 03:00:00+00:00,5836.0,6125.14
2020-09-29 04:00:00+00:00,6864.0,6993.708
2020-09-29 05:00:00+00:00,7645.0,7733.4673
2020-09-29 06:00:00+00:00,7938.0,8149.4106
2020-09-29 07:00:00+00:00,7961.0,8271.177
2020-09-29 08:00:00+00:00,8031.0,8239.097
2020-09-29 09:00:00+00:00,8093.0,8176.1914
2020-09-29 10:00:00+00:00,7892.0,8072.1646
2020-09-29 11:00:00+00:00,7831.0,7934.0854
2020-09-29 12:00:00+00:00,7714.0,7780.5107
2020-09-29 13:00:00+00:00,7662.0,7724.517
2020-09-29 14:00:00+00:00,7617.0,7781.643
2020-09-29 15:00:00+00:00,7654.0,7873.0874
2020-09-29 16:00:00+00:00,7734.0,7837.5186
2020-09-29 17:00:00+00:00,7746.0,7617.8247
2020-09-29 18:00:00+00:00,7259.0,7286.0293
2020-09-29 19:00:00+00:00,6643.0,6922.92
2020-09-29 20:00:00+00:00,6320.0,6554.9653
2020-09-28 22:00:00+00:00,5600.0,5583.4395
2020-09-28 23:00:00+00:00,5363.0,5363.0405
2020-09-29 00:00:00+00:00,5273.0,5234.466
2020-09-29 01:00:00+00:00,5192.0,5184.653
2020-09-29 02:00:00+00:00,5303.0,5425.287
2020-09-29 03:00:00+00:00,5836.0,6086.795
2020-09-29 04:00:00+00:00,6864.0,6979.7134
2020-09-29 05:00:00+00:00,7645.0,7738.9385
2020-09-29 06:00:00+00:00,7938.0,8132.883
2020-09-29 07:00:00+00:00,7961.0,8275.209
2020-09-29 08:00:00+00:00,8031.0,8277.899
2020-09-29 09:00:00+00:00,8093.0,8198.409
2020-09-29 10:00:00+00:00,7892.0,8072.681
2020-09-29 11:00:00+00:00,7831.0,7944.0557
2020-09-29 12:00:00+00:00,7714.0,7838.585
2020-09-29 13:00:00+00:00,7662.0,7755.633
2020-09-29 14:00:00+00:00,7617.0,7775.606
2020-09-29 15:00:00+00:00,7654.0,7878.9277
2020-09-29 16:00:00+00:00,7734.0,7913.3423
2020-09-29 17:00:00+00:00,7746.0,7711.705
2020-09-29 18:00:00+00:00,7259.0,7294.959
2020-09-29 19:00:00+00:00,6643.0,6834.398
2020-09-29 20:00:00+00:00,6320.0,6427.587
2020-09-29 21:00:00+00:00,5856.0,6040.5005
2020-09-28 23:00:00+00:00,5363.0,5356.243
2020-09-29 00:00:00+00:00,5273.0,5217.712
2020-09-29 01:00:00+00:00,5192.0,5202.6094
2020-09-29 02:00:00+00:00,5303.0,5399.1934
2020-09-29 03:00:00+00:00,5836.0,5982.3276
2020-09-29 04:00:00+00:00,6864.0,6840.6904
2020-09-29 05:00:00+00:00,7645.0,7635.485
2020-09-29 06:00:00+00:00,7938.0,8115.3306
2020-09-29 07:00:00+00:00,7961.0,8285.423
2020-09-29 08:00:00+00:00,8031.0,8311.563
2020-09-29 09:00:00+00:00,8093.0,8228.979
2020-09-29 10:00:00+00:00,7892.0,8089.7305
2020-09-29 11:00:00+00:00,7831.0,7942.5483
2020-09-29 12:00:00+00:00,7714.0,7820.891
2020-09-29 13:00:00+00:00,7662.0,7782.4873
2020-09-29 14:00:00+00:00,7617.0,7812.9097
2020-09-29 15:00:00+00:00,7654.0,7875.412
2020-09-29 16:00:00+00:00,7734.0,7851.107
2020-09-29 17:00:00+00:00,7746.0,7664.8115
2020-09-29 18:00:00+00:00,7259.0,7334.155
2020-09-29 19:00:00+00:00,6643.0,6894.7544
2020-09-29 20:00:00+00:00,6320.0,6439.2036
2020-09-29 21:00:00+00:00,5856.0,6022.6343
2020-09-29 22:00:00+00:00,5595.0,5678.928
2020-09-29 00:00:00+00:00,5273.0,5221.554
2020-09-29 01:00:00+00:00,5192.0,5170.0195
2020-09-29 02:00:00+00:00,5303.0,5372.5947
2020-09-29 03:00:00+00:00,5836.0,5935.196
2020-09-29 04:00:00+00:00,6864.0,6778.966
2020-09-29 05:00:00+00:00,7645.0,7529.943
2020-09-29 06:00:00+00:00,7938.0,7979.256
2020-09-29 07:00:00+00:00,7961.0,8178.477
2020-09-29 08:00:00+00:00,8031.0,8232.79
2020-09-29 09:00:00+00:00,8093.0,8192.928
2020-09-29 10:00:00+00:00,7892.0,8057.7954
2020-09-29 11:00:00+00:00,7831.0,7919.9805
2020-09-29 12:00:00+00:00,7714.0,7813.9
2020-09-29 13:00:00+00:00,7662.0,7741.9995
2020-09-29 14:00:00+00:00,7617.0,7776.2935
2020-09-29 15:00:00+00:00,7654.0,7866.375
2020-09-29 16:00:00+00:00,7734.0,7879.651
2020-09-29 17:00:00+00:00,7746.0,7681.3657
2020-09-29 18:00:00+00:00,7259.0,7312.743
2020-09-29 19:00:00+00:00,6643.0,6901.0684
2020-09-29 20:00:00+00:00,6320.0,6459.465
2020-09-29 21:00:00+00:00,5856.0,6006.7915
2020-09-29 22:00:00+00:00,5595.0,5621.7373
2020-09-29 23:00:00+00:00,5324.0,5346.8247
2020-09-29 01:00:00+00:00,5192.0,5094.1943
2020-09-29 02:00:00+00:00,5303.0,5386.7925
2020-09-29 03:00:00+00:00,5836.0,6036.4575
2020-09-29 04:00:00+00:00,6864.0,6874.078
2020-09-29 05:00:00+00:00,7645.0,7611.402
2020-09-29 06:00:00+00:00,7938.0,8002.9346
2020-09-29 07:00:00+00:00,7961.0,8144.7427
2020-09-29 08:00:00+00:00,8031.0,8220.008
2020-09-29 09:00:00+00:00,8093.0,8204.305
2020-09-29 10:00:00+00:00,7892.0,8079.7603
2020-09-29 11:00:00+00:00,7831.0,7928.3193
2020-09-29 12:00:00+00:00,7714.0,7837.4995
2020-09-29 13:00:00+00:00,7662.0,7797.7407
2020-09-29 14:00:00+00:00,7617.0,7819.4224
2020-09-29 15:00:00+00:00,7654.0,7905.5894
2020-09-29 16:00:00+00:00,7734.0,7907.392
2020-09-29 17:00:00+00:00,7746.0,7693.576
2020-09-29 18:00:00+00:00,7259.0,7299.807
2020-09-29 19:00:00+00:00,6643.0,6865.6084
2020-09-29 20:00:00+00:00,6320.0,6465.1006
2020-09-29 21:00:00+00:00,5856.0,6028.129
2020-09-29 22:00:00+00:00,5595.0,5630.1016
2020-09-29 23:00:00+00:00,5324.0,5388.87
2020-09-30 00:00:00+00:00,5228.0,5287.098
2020-09-29 02:00:00+00:00,5303.0,5331.7295
2020-09-29 03:00:00+00:00,5836.0,5997.6562
2020-09-29 04:00:00+00:00,6864.0,6897.859
2020-09-29 05:00:00+00:00,7645.0,7641.65
2020-09-29 06:00:00+00:00,7938.0,8045.2793
2020-09-29 07:00:00+00:00,7961.0,8158.1577
2020-09-29 08:00:00+00:00,8031.0,8158.2437
2020-09-29 09:00:00+00:00,8093.0,8123.2515
2020-09-29 10:00:00+00:00,7892.0,8015.3657
2020-09-29 11:00:00+00:00,7831.0,7881.576
2020-09-29 12:00:00+00:00,7714.0,7780.17
2020-09-29 13:00:00+00:00,7662.0,7734.733
2020-09-29 14:00:00+00:00,7617.0,7730.8574
2020-09-29 15:00:00+00:00,7654.0,7791.9736
2020-09-29 16:00:00+00:00,7734.0,7813.9717
2020-09-29 17:00:00+00:00,7746.0,7651.415
2020-09-29 18:00:00+00:00,7259.0,7293.6787
2020-09-29 19:00:00+00:00,6643.0,6846.0444
2020-09-29 20:00:00+00:00,6320.0,6427.533
2020-09-29 21:00:00+00:00,5856.0,6029.104
2020-09-29 22:00:00+00:00,5595.0,5652.0513
2020-09-29 23:00:00+00:00,5324.0,5347.5464
2020-09-30 00:00:00+00:00,5228.0,5192.2734
2020-09-30 01:00:00+00:00,5141.0,5190.2446
2020-09-29 03:00:00+00:00,5836.0,5927.636
2020-09-29 04:00:00+00:00,6864.0,6818.9185
2020-09-29 05:00:00+00:00,7645.0,7643.175
2020-09-29 06:00:00+00:00,7938.0,8097.6113
2020-09-29 07:00:00+00:00,7961.0,8243.815
2020-09-29 08:00:00+00:00,8031.0,8260.36
2020-09-29 09:00:00+00:00,8093.0,8231.256
2020-09-29 10:00:00+00:00,7892.0,8134.191
2020-09-29 11:00:00+00:00,7831.0,7991.4424
2020-09-29 12:00:00+00:00,7714.0,7863.14
2020-09-29 13:00:00+00:00,7662.0,7813.901
2020-09-29 14:00:00+00:00,7617.0,7823.284
2020-09-29 15:00:00+00:00,7654.0,7830.196
2020-09-29 16:00:00+00:00,7734.0,7767.5703
2020-09-29 17:00:00+00:00,7746.0,7561.849
2020-09-29 18:00:00+00:00,7259.0,7218.439
2020-09-29 19:00:00+00:00,6643.0,6830.0747
2020-09-29 20:00:00+00:00,6320.0,6416.126
2020-09-29 21:00:00+00:00,5856.0,6021.8413
2020-09-29 22:00:00+00:00,5595.0,5640.8633
2020-09-29 23:00:00+00:00,5324.0,5344.232
2020-09-30 00:00:00+00:00,5228.0,5138.431
2020-09-30 01:00:00+00:00,5141.0,5037.7085
2020-09-30 02:00:00+00:00,5270.0,5155.3945
2020-09-29 04:00:00+00:00,6864.0,6860.124
2020-09-29 05:00:00+00:00,7645.0,7616.653
2020-09-29 06:00:00+00:00,7938.0,8098.0234
2020-09-29 07:00:00+00:00,7961.0,8271.293
2020-09-29 08:00:00+00:00,8031.0,8270.611
2020-09-29 09:00:00+00:00,8093.0,8204.379
2020-09-29 10:00:00+00:00,7892.0,8093.2124
2020-09-29 11:00:00+00:00,7831.0,7941.2437
2020-09-29 12:00:00+00:00,7714.0,7819.5796
2020-09-29 13:00:00+00:00,7662.0,7743.823
2020-09-29 14:00:00+00:00,7617.0,7773.8345
2020-09-29 15:00:00+00:00,7654.0,7825.0425
2020-09-29 16:00:00+00:00,7734.0,7761.4795
2020-09-29 17:00:00+00:00,7746.0,7507.6274
2020-09-29 18:00:00+00:00,7259.0,7137.009
2020-09-29 19:00:00+00:00,6643.0,6733.437
2020-09-29 20:00:00+00:00,6320.0,6364.9775
2020-09-29 21:00:00+00:00,5856.0,5960.0747
2020-09-29 22:00:00+00:00,5595.0,5585.5737
2020-09-29 23:00:00+00:00,5324.0,5268.4263
2020-09-30 00:00:00+00:00,5228.0,5066.6123
2020-09-30 01:00:00+00:00,5141.0,5000.1865
2020-09-30 02:00:00+00:00,5270.0,5147.907
2020-09-30 03:00:00+00:00,5839.0,5595.5176
2020-09-29 05:00:00+00:00,7645.0,7651.5474
2020-09-29 06:00:00+00:00,7938.0,8041.866
2020-09-29 07:00:00+00:00,7961.0,8220.49
2020-09-29 08:00:00+00:00,8031.0,8280.946
2020-09-29 09:00:00+00:00,8093.0,8248.354
2020-09-29 10:00:00+00:00,7892.0,8128.6924
2020-09-29 11:00:00+00:00,7831.0,7962.7715
2020-09-29 12:00:00+00:00,7714.0,7806.341
2020-09-29 13:00:00+00:00,7662.0,7737.011
2020-09-29 14:00:00+00:00,7617.0,7745.1104
2020-09-29 15:00:00+00:00,7654.0,7818.0703
2020-09-29 16:00:00+00:00,7734.0,7811.327
2020-09-29 17:00:00+00:00,7746.0,7599.912
2020-09-29 18:00:00+00:00,7259.0,7229.0
2020-09-29 19:00:00+00:00,6643.0,6835.8345
2020-09-29 20:00:00+00:00,6320.0,6428.607
2020-09-29 21:00:00+00:00,5856.0,6020.1455
2020-09-29 22:00:00+00:00,5595.0,5605.013
2020-09-29 23:00:00+00:00,5324.0,5289.161
2020-09-30 00:00:00+00:00,5228.0,5065.7734
2020-09-30 01:00:00+00:00,5141.0,4989.1396
2020-09-30 02:00:00+00:00,5270.0,5176.7417
2020-09-30 03:00:00+00:00,5839.0,5759.8926
2020-09-30 04:00:00+00:00,6848.0,6553.9565
2020-09-29 06:00:00+00:00,7938.0,7833.3184
2020-09-29 07:00:00+00:00,7961.0,8072.882
2020-09-29 08:00:00+00:00,8031.0,8171.3774
2020-09-29 09:00:00+00:00,8093.0,8157.75
2020-09-29 10:00:00+00:00,7892.0,8077.8516
2020-09-29 11:00:00+00:00,7831.0,7946.293
2020-09-29 12:00:00+00:00,7714.0,7790.0405
2020-09-29 13:00:00+00:00,7662.0,7681.489
2020-09-29 14:00:00+00:00,7617.0,7689.5796
2020-09-29 15:00:00+00:00,7654.0,7767.155
2020-09-29 16:00:00+00:00,7734.0,7784.4507
2020-09-29 17:00:00+00:00,7746.0,7619.029
2020-09-29 18:00:00+00:00,7259.0,7258.8423
2020-09-29 19:00:00+00:00,6643.0,6820.719
2020-09-29 20:00:00+00:00,6320.0,6402.6787
2020-09-29 21:00:00+00:00,5856.0,5987.71
2020-09-29 22:00:00+00:00,5595.0,5603.4917
2020-09-29 23:00:00+00:00,5324.0,5277.334
2020-09-30 00:00:00+00:00,5228.0,5067.2964
2020-09-30 01:00:00+00:00,5141.0,4995.2065
2020-09-30 02:00:00+00:00,5270.0,5178.0806
2020-09-30 03:00:00+00:00,5839.0,5723.7827
2020-09-30 04:00:00+00:00,6848.0,6578.156
2020-09-30 05:00:00+00:00,7614.0,7420.66
2020-09-29 07:00:00+00:00,7961.0,8069.7803
2020-09-29 08:00:00+00:00,8031.0,8201.658
2020-09-29 09:00:00+00:00,8093.0,8217.008
2020-09-29 10:00:00+00:00,7892.0,8084.1753
2020-09-29 11:00:00+00:00,7831.0,7908.1533
2020-09-29 12:00:00+00:00,7714.0,7780.5396
2020-09-29 13:00:00+00:00,7662.0,7715.93
2020-09-29 14:00:00+00:00,7617.0,7727.719
2020-09-29 15:00:00+00:00,7654.0,7785.803
2020-09-29 16:00:00+00:00,7734.0,7793.121
2020-09-29 17:00:00+00:00,7746.0,7639.813
2020-09-29 18:00:00+00:00,7259.0,7324.524
2020-09-29 19:00:00+00:00,6643.0,6927.1084
2020-09-29 20:00:00+00:00,6320.0,6487.6636
2020-09-29 21:00:00+00:00,5856.0,6049.9644
2020-09-29 22:00:00+00:00,5595.0,5656.0967
2020-09-29 23:00:00+00:00,5324.0,5362.6074
2020-09-30 00:00:00+00:00,5228.0,5166.626
2020-09-30 01:00:00+00:00,5141.0,5104.2036
2020-09-30 02:00:00+00:00,5270.0,5292.849
2020-09-30 03:00:00+00:00,5839.0,5843.1074
2020-09-30 04:00:00+00:00,6848.0,6669.7256
2020-09-30 05:00:00+00:00,7614.0,7468.182
2020-09-30 06:00:00+00:00,7902.0,8012.4917
2020-09-29 08:00:00+00:00,8031.0,8199.786
2020-09-29 09:00:00+00:00,8093.0,8180.5254
2020-09-29 10:00:00+00:00,7892.0,8086.058
2020-09-29 11:00:00+00:00,7831.0,7954.1113
2020-09-29 12:00:00+00:00,7714.0,7836.683
2020-09-29 13:00:00+00:00,7662.0,7777.2876
2020-09-29 14:00:00+00:00,7617.0,7780.5186
2020-09-29 15:00:00+00:00,7654.0,7835.045
2020-09-29 16:00:00+00:00,7734.0,7813.253
2020-09-29 17:00:00+00:00,7746.0,7647.6943
2020-09-29 18:00:00+00:00,7259.0,7342.226
2020-09-29 19:00:00+00:00,6643.0,6966.2427
2020-09-29 20:00:00+00:00,6320.0,6576.0396
2020-09-29 21:00:00+00:00,5856.0,6135.7915
2020-09-29 22:00:00+00:00,5595.0,5739.9233
2020-09-29 23:00:00+00:00,5324.0,5442.8193
2020-09-30 00:00:00+00:00,5228.0,5246.1133
2020-09-30 01:00:00+00:00,5141.0,5157.9077
2020-09-30 02:00:00+00:00,5270.0,5336.2915
2020-09-30 03:00:00+00:00,5839.0,5926.236
2020-09-30 04:00:00+00:00,6848.0,6792.7944
2020-09-30 05:00:00+00:00,7614.0,7574.1074
2020-09-30 06:00:00+00:00,7902.0,8018.86
2020-09-30 07:00:00+00:00,7931.0,8175.283
2020-09-29 09:00:00+00:00,8093.0,8235.218
2020-09-29 10:00:00+00:00,7892.0,8082.4785
2020-09-29 11:00:00+00:00,7831.0,7916.4575
2020-09-29 12:00:00+00:00,7714.0,7789.972
2020-09-29 13:00:00+00:00,7662.0,7738.037
2020-09-29 14:00:00+00:00,7617.0,7772.6094
2020-09-29 15:00:00+00:00,7654.0,7835.659
2020-09-29 16:00:00+00:00,7734.0,7830.3096
2020-09-29 17:00:00+00:00,7746.0,7633.4854
2020-09-29 18:00:00+00:00,7259.0,7317.743
2020-09-29 19:00:00+00:00,6643.0,6932.7007
2020-09-29 20:00:00+00:00,6320.0,6515.3794
2020-09-29 21:00:00+00:00,5856.0,6109.3613
2020-09-29 22:00:00+00:00,5595.0,5722.8286
2020-09-29 23:00:00+00:00,5324.0,5419.9424
2020-09-30 00:00:00+00:00,5228.0,5214.2207
2020-09-30 01:00:00+00:00,5141.0,5158.446
2020-09-30 02:00:00+00:00,5270.0,5368.4414
2020-09-30 03:00:00+00:00,5839.0,5941.319
2020-09-30 04:00:00+00:00,6848.0,6781.6255
2020-09-30 05:00:00+00:00,7614.0,7561.0454
2020-09-30 06:00:00+00:00,7902.0,8017.8374
2020-09-30 07:00:00+00:00,7931.0,8179.043
2020-09-30 08:00:00+00:00,7987.0,8182.2427
2020-09-29 10:00:00+00:00,7892.0,8027.7134
2020-09-29 11:00:00+00:00,7831.0,7841.664
2020-09-29 12:00:00+00:00,7714.0,7707.1567
2020-09-29 13:00:00+00:00,7662.0,7652.138
2020-09-29 14:00:00+00:00,7617.0,7687.204
2020-09-29 15:00:00+00:00,7654.0,7759.0996
2020-09-29 16:00:00+00:00,7734.0,7765.031
2020-09-29 17:00:00+00:00,7746.0,7636.417
2020-09-29 18:00:00+00:00,7259.0,7320.244
2020-09-29 19:00:00+00:00,6643.0,6969.1724
2020-09-29 20:00:00+00:00,6320.0,6578.221
2020-09-29 21:00:00+00:00,5856.0,6161.9004
2020-09-29 22:00:00+00:00,5595.0,5773.809
2020-09-29 23:00:00+00:00,5324.0,5454.922
2020-09-30 00:00:00+00:00,5228.0,5213.2305
2020-09-30 01:00:00+00:00,5141.0,5114.682
2020-09-30 02:00:00+00:00,5270.0,5311.7324
2020-09-30 03:00:00+00:00,5839.0,5902.2803
2020-09-30 04:00:00+00:00,6848.0,6733.9575
2020-09-30 05:00:00+00:00,7614.0,7508.4473
2020-09-30 06:00:00+00:00,7902.0,7988.0337
2020-09-30 07:00:00+00:00,7931.0,8166.8647
2020-09-30 08:00:00+00:00,7987.0,8200.098
2020-09-30 09:00:00+00:00,8051.0,8153.863
2020-09-29 11:00:00+00:00,7831.0,7886.717
2020-09-29 12:00:00+00:00,7714.0,7756.3535
2020-09-29 13:00:00+00:00,7662.0,7711.0903
2020-09-29 14:00:00+00:00,7617.0,7736.537
2020-09-29 15:00:00+00:00,7654.0,7780.589
2020-09-29 16:00:00+00:00,7734.0,7723.501
2020-09-29 17:00:00+00:00,7746.0,7510.2817
2020-09-29 18:00:00+00:00,7259.0,7217.1157
2020-09-29 19:00:00+00:00,6643.0,6845.7065
2020-09-29 20:00:00+00:00,6320.0,6485.1797
2020-09-29 21:00:00+00:00,5856.0,6083.6973
2020-09-29 22:00:00+00:00,5595.0,5706.8267
2020-09-29 23:00:00+00:00,5324.0,5416.094
2020-09-30 00:00:00+00:00,5228.0,5222.878
2020-09-30 01:00:00+00:00,5141.0,5170.513
2020-09-30 02:00:00+00:00,5270.0,5406.4736
2020-09-30 03:00:00+00:00,5839.0,6020.107
2020-09-30 04:00:00+00:00,6848.0,6860.644
2020-09-30 05:00:00+00:00,7614.0,7589.312
2020-09-30 06:00:00+00:00,7902.0,8017.1196
2020-09-30 07:00:00+00:00,7931.0,8177.716
2020-09-30 08:00:00+00:00,7987.0,8180.4805
2020-09-30 09:00:00+00:00,8051.0,8103.0566
2020-09-30 10:00:00+00:00,7873.0,7973.258
2020-09-29 12:00:00+00:00,7714.0,7750.788
2020-09-29 13:00:00+00:00,7662.0,7679.765
2020-09-29 14:00:00+00:00,7617.0,7719.4785
2020-09-29 15:00:00+00:00,7654.0,7796.3545
2020-09-29 16:00:00+00:00,7734.0,7774.2314
2020-09-29 17:00:00+00:00,7746.0,7576.4663
2020-09-29 18:00:00+00:00,7259.0,7215.8643
2020-09-29 19:00:00+00:00,6643.0,6852.159
2020-09-29 20:00:00+00:00,6320.0,6467.205
2020-09-29 21:00:00+00:00,5856.0,6097.682
2020-09-29 22:00:00+00:00,5595.0,5722.9995
2020-09-29 23:00:00+00:00,5324.0,5414.6997
2020-09-30 00:00:00+00:00,5228.0,5220.804
2020-09-30 01:00:00+00:00,5141.0,5166.3047
2020-09-30 02:00:00+00:00,5270.0,5404.5215
2020-09-30 03:00:00+00:00,5839.0,6042.668
2020-09-30 04:00:00+00:00,6848.0,6932.1855
2020-09-30 05:00:00+00:00,7614.0,7699.586
2020-09-30 06:00:00+00:00,7902.0,8092.096
2020-09-30 07:00:00+00:00,7931.0,8209.141
2020-09-30 08:00:00+00:00,7987.0,8223.02
2020-09-30 09:00:00+00:00,8051.0,8164.6816
2020-09-30 10:00:00+00:00,7873.0,8033.1416
2020-09-30 11:00:00+00:00,7808.0,7872.5396
2020-09-29 13:00:00+00:00,7662.0,7700.302
2020-09-29 14:00:00+00:00,7617.0,7734.291
2020-09-29 15:00:00+00:00,7654.0,7819.859
2020-09-29 16:00:00+00:00,7734.0,7818.344
2020-09-29 17:00:00+00:00,7746.0,7620.5996
2020-09-29 18:00:00+00:00,7259.0,7311.9385
2020-09-29 19:00:00+00:00,6643.0,6928.472
2020-09-29 20:00:00+00:00,6320.0,6547.365
2020-09-29 21:00:00+00:00,5856.0,6129.41
2020-09-29 22:00:00+00:00,5595.0,5750.026
2020-09-29 23:00:00+00:00,5324.0,5433.48
2020-09-30 00:00:00+00:00,5228.0,5210.535
2020-09-30 01:00:00+00:00,5141.0,5154.3384
2020-09-30 02:00:00+00:00,5270.0,5365.859
2020-09-30 03:00:00+00:00,5839.0,5974.0215
2020-09-30 04:00:00+00:00,6848.0,6833.986
2020-09-30 05:00:00+00:00,7614.0,7615.689
2020-09-30 06:00:00+00:00,7902.0,8061.1724
2020-09-30 07:00:00+00:00,7931.0,8181.4287
2020-09-30 08:00:00+00:00,7987.0,8188.8403
2020-09-30 09:00:00+00:00,8051.0,8153.4346
2020-09-30 10:00:00+00:00,7873.0,8031.827
2020-09-30 11:00:00+00:00,7808.0,7872.318
2020-09-30 12:00:00+00:00,7700.0,7756.254
2020-09-29 14:00:00+00:00,7617.0,7701.3765
2020-09-29 15:00:00+00:00,7654.0,7767.2373
2020-09-29 16:00:00+00:00,7734.0,7764.1436
2020-09-29 17:00:00+00:00,7746.0,7578.2114
2020-09-29 18:00:00+00:00,7259.0,7218.14
2020-09-29 19:00:00+00:00,6643.0,6829.083
2020-09-29 20:00:00+00:00,6320.0,6424.5166
2020-09-29 21:00:00+00:00,5856.0,6030.6177
2020-09-29 22:00:00+00:00,5595.0,5680.994
2020-09-29 23:00:00+00:00,5324.0,5406.6035
2020-09-30 00:00:00+00:00,5228.0,5200.7373
2020-09-30 01:00:00+00:00,5141.0,5114.402
2020-09-30 02:00:00+00:00,5270.0,5325.775
2020-09-30 03:00:00+00:00,5839.0,5909.043
2020-09-30 04:00:00+00:00,6848.0,6759.4653
2020-09-30 05:00:00+00:00,7614.0,7538.4785
2020-09-30 06:00:00+00:00,7902.0,8016.3335
2020-09-30 07:00:00+00:00,7931.0,8196.008
2020-09-30 08:00:00+00:00,7987.0,8182.8745
2020-09-30 09:00:00+00:00,8051.0,8106.473
2020-09-30 10:00:00+00:00,7873.0,7986.218
2020-09-30 11:00:00+00:00,7808.0,7842.4883
2020-09-30 12:00:00+00:00,7700.0,7717.336
2020-09-30 13:00:00+00:00,7635.0,7668.52
2020-09-29 15:00:00+00:00,7654.0,7735.0093
2020-09-29 16:00:00+00:00,7734.0,7711.744
2020-09-29 17:00:00+00:00,7746.0,7543.7495
2020-09-29 18:00:00+00:00,7259.0,7244.0063
2020-09-29 19:00:00+00:00,6643.0,6845.293
2020-09-29 20:00:00+00:00,6320.0,6435.828
2020-09-29 21:00:00+00:00,5856.0,6006.698
2020-09-29 22:00:00+00:00,5595.0,5619.1157
2020-09-29 23:00:00+00:00,5324.0,5354.2715
2020-09-30 00:00:00+00:00,5228.0,5176.3857
2020-09-30 01:00:00+00:00,5141.0,5121.2227
2020-09-30 02:00:00+00:00,5270.0,5330.141
2020-09-30 03:00:00+00:00,5839.0,5953.5117
2020-09-30 04:00:00+00:00,6848.0,6797.8433
2020-09-30 05:00:00+00:00,7614.0,7553.8345
2020-09-30 06:00:00+00:00,7902.0,7981.0835
2020-09-30 07:00:00+00:00,7931.0,8123.3794
2020-09-30 08:00:00+00:00,7987.0,8112.2773
2020-09-30 09:00:00+00:00,8051.0,8021.5264
2020-09-30 10:00:00+00:00,7873.0,7908.7246
2020-09-30 11:00:00+00:00,7808.0,7784.2056
2020-09-30 12:00:00+00:00,7700.0,7666.9053
2020-09-30 13:00:00+00:00,7635.0,7594.49
2020-09-30 14:00:00+00:00,7586.0,7610.1445
2020-09-29 16:00:00+00:00,7734.0,7707.724
2020-09-29 17:00:00+00:00,7746.0,7521.464
2020-09-29 18:00:00+00:00,7259.0,7189.494
2020-09-29 19:00:00+00:00,6643.0,6821.163
2020-09-29 20:00:00+00:00,6320.0,6417.8823
2020-09-29 21:00:00+00:00,5856.0,6010.9316
2020-09-29 22:00:00+00:00,5595.0,5608.3022
2020-09-29 23:00:00+00:00,5324.0,5292.1533
2020-09-30 00:00:00+00:00,5228.0,5120.664
2020-09-30 01:00:00+00:00,5141.0,5084.7954
2020-09-30 02:00:00+00:00,5270.0,5302.5894
2020-09-30 03:00:00+00:00,5839.0,5874.038
2020-09-30 04:00:00+00:00,6848.0,6714.897
2020-09-30 05:00:00+00:00,7614.0,7433.939
2020-09-30 06:00:00+00:00,7902.0,7842.2163
2020-09-30 07:00:00+00:00,7931.0,7989.0854
2020-09-30 08:00:00+00:00,7987.0,8037.2817
2020-09-30 09:00:00+00:00,8051.0,8015.5557
2020-09-30 10:00:00+00:00,7873.0,7911.79
2020-09-30 11:00:00+00:00,7808.0,7791.392
2020-09-30 12:00:00+00:00,7700.0,7688.4966
2020-09-30 13:00:00+00:00,7635.0,7631.261
2020-09-30 14:00:00+00:00,7586.0,7627.9907
2020-09-30 15:00:00+00:00,7622.0,7671.3535
2020-09-29 17:00:00+00:00,7746.0,7528.25
2020-09-29 18:00:00+00:00,7259.0,7201.4023
2020-09-29 19:00:00+00:00,6643.0,6793.942
2020-09-29 20:00:00+00:00,6320.0,6414.939
2020-09-29 21:00:00+00:00,5856.0,6017.4614
2020-09-29 22:00:00+00:00,5595.0,5664.52
2020-09-29 23:00:00+00:00,5324.0,5362.8604
2020-09-30 00:00:00+00:00,5228.0,5156.808
2020-09-30 01:00:00+00:00,5141.0,5103.1655
2020-09-30 02:00:00+00:00,5270.0,5307.916
2020-09-30 03:00:00+00:00,5839.0,5906.659
2020-09-30 04:00:00+00:00,6848.0,6749.868
2020-09-30 05:00:00+00:00,7614.0,7528.8623
2020-09-30 06:00:00+00:00,7902.0,7938.39
2020-09-30 07:00:00+00:00,7931.0,8041.4204
2020-09-30 08:00:00+00:00,7987.0,8012.451
2020-09-30 09:00:00+00:00,8051.0,7962.6675
2020-09-30 10:00:00+00:00,7873.0,7865.1265
2020-09-30 11:00:00+00:00,7808.0,7723.258
2020-09-30 12:00:00+00:00,7700.0,7615.988
2020-09-30 13:00:00+00:00,7635.0,7585.143
2020-09-30 14:00:00+00:00,7586.0,7646.8306
2020-09-30 15:00:00+00:00,7622.0,7724.0103
2020-09-30 16:00:00+00:00,7714.0,7717.1353
2020-09-29 18:00:00+00:00,7259.0,7364.505
2020-09-29 19:00:00+00:00,6643.0,6971.8027
2020-09-29 20:00:00+00:00,6320.0,6526.729
2020-09-29 21:00:00+00:00,5856.0,6120.9136
2020-09-29 22:00:00+00:00,5595.0,5737.9907
2020-09-29 23:00:00+00:00,5324.0,5449.5596
2020-09-30 00:00:00+00:00,5228.0,5247.149
2020-09-30 01:00:00+00:00,5141.0,5200.2114
2020-09-30 02:00:00+00:00,5270.0,5429.5127
2020-09-30 03:00:00+00:00,5839.0,5996.2036
2020-09-30 04:00:00+00:00,6848.0,6797.044
2020-09-30 05:00:00+00:00,7614.0,7512.2925
2020-09-30 06:00:00+00:00,7902.0,7966.1895
2020-09-30 07:00:00+00:00,7931.0,8128.446
2020-09-30 08:00:00+00:00,7987.0,8132.3936
2020-09-30 09:00:00+00:00,8051.0,8039.6084
2020-09-30 10:00:00+00:00,7873.0,7899.8916
2020-09-30 11:00:00+00:00,7808.0,7746.278
2020-09-30 12:00:00+00:00,7700.0,7629.8574
2020-09-30 13:00:00+00:00,7635.0,7588.4253
2020-09-30 14:00:00+00:00,7586.0,7621.3545
2020-09-30 15:00:00+00:00,7622.0,7680.7314
2020-09-30 16:00:00+00:00,7714.0,7658.488
2020-09-30 17:00:00+00:00,7711.0,7502.753
2020-09-29 19:00:00+00:00,6643.0,6626.9673
2020-09-29 20:00:00+00:00,6320.0,6311.896
2020-09-29 21:00:00+00:00,5856.0,5933.9556
2020-09-29 22:00:00+00:00,5595.0,5593.289
2020-09-29 23:00:00+00:00,5324.0,5338.901
2020-09-30 00:00:00+00:00,5228.0,5210.25
2020-09-30 01:00:00+00:00,5141.0,5205.792
2020-09-30 02:00:00+00:00,5270.0,5448.1196
2020-09-30 03:00:00+00:00,5839.0,6032.961
2020-09-30 04:00:00+00:00,6848.0,6825.2397
2020-09-30 05:00:00+00:00,7614.0,7517.061
2020-09-30 06:00:00+00:00,7902.0,7876.0034
2020-09-30 07:00:00+00:00,7931.0,7986.326
2020-09-30 08:00:00+00:00,7987.0,7975.5093
2020-09-30 09:00:00+00:00,8051.0,7914.1445
2020-09-30 10:00:00+00:00,7873.0,7801.972
2020-09-30 11:00:00+00:00,7808.0,7670.5034
2020-09-30 12:00:00+00:00,7700.0,7561.298
2020-09-30 13:00:00+00:00,7635.0,7515.014
2020-09-30 14:00:00+00:00,7586.0,7545.4736
2020-09-30 15:00:00+00:00,7622.0,7625.2275
2020-09-30 16:00:00+00:00,7714.0,7640.6187
2020-09-30 17:00:00+00:00,7711.0,7457.658
2020-09-30 18:00:00+00:00,7245.0,7155.8154
2020-09-29 20:00:00+00:00,6320.0,6226.3164
2020-09-29 21:00:00+00:00,5856.0,5895.253
2020-09-29 22:00:00+00:00,5595.0,5547.2554
2020-09-29 23:00:00+00:00,5324.0,5281.947
2020-09-30 00:00:00+00:00,5228.0,5122.359
2020-09-30 01:00:00+00:00,5141.0,5097.625
2020-09-30 02:00:00+00:00,5270.0,5315.8486
2020-09-30 03:00:00+00:00,5839.0,5907.436
2020-09-30 04:00:00+00:00,6848.0,6729.323
2020-09-30 05:00:00+00:00,7614.0,7448.633
2020-09-30 06:00:00+00:00,7902.0,7842.6665
2020-09-30 07:00:00+00:00,7931.0,7943.358
2020-09-30 08:00:00+00:00,7987.0,7956.193
2020-09-30 09:00:00+00:00,8051.0,7908.1465
2020-09-30 10:00:00+00:00,7873.0,7796.072
2020-09-30 11:00:00+00:00,7808.0,7660.5146
2020-09-30 12:00:00+00:00,7700.0,7575.5103
2020-09-30 13:00:00+00:00,7635.0,7542.51
2020-09-30 14:00:00+00:00,7586.0,7572.047
2020-09-30 15:00:00+00:00,7622.0,7647.291
2020-09-30 16:00:00+00:00,7714.0,7675.9004
2020-09-30 17:00:00+00:00,7711.0,7549.393
2020-09-30 18:00:00+00:00,7245.0,7251.2246
2020-09-30 19:00:00+00:00,6661.0,6919.5654
2020-09-29 21:00:00+00:00,5856.0,5903.372
2020-09-29 22:00:00+00:00,5595.0,5631.1187
2020-09-29 23:00:00+00:00,5324.0,5401.989
2020-09-30 00:00:00+00:00,5228.0,5216.408
2020-09-30 01:00:00+00:00,5141.0,5163.9004
2020-09-30 02:00:00+00:00,5270.0,5394.7607
2020-09-30 03:00:00+00:00,5839.0,5986.447
2020-09-30 04:00:00+00:00,6848.0,6821.2007
2020-09-30 05:00:00+00:00,7614.0,7544.417
2020-09-30 06:00:00+00:00,7902.0,7958.3765
2020-09-30 07:00:00+00:00,7931.0,8079.2847
2020-09-30 08:00:00+00:00,7987.0,8035.6655
2020-09-30 09:00:00+00:00,8051.0,7959.928
2020-09-30 10:00:00+00:00,7873.0,7854.1304
2020-09-30 11:00:00+00:00,7808.0,7713.531
2020-09-30 12:00:00+00:00,7700.0,7554.659
2020-09-30 13:00:00+00:00,7635.0,7493.495
2020-09-30 14:00:00+00:00,7586.0,7567.632
2020-09-30 15:00:00+00:00,7622.0,7699.462
2020-09-30 16:00:00+00:00,7714.0,7718.1924
2020-09-30 17:00:00+00:00,7711.0,7542.86
2020-09-30 18:00:00+00:00,7245.0,7247.7324
2020-09-30 19:00:00+00:00,6661.0,6916.765
2020-09-30 20:00:00+00:00,6336.0,6583.926
2020-09-29 22:00:00+00:00,5595.0,5570.606
2020-09-29 23:00:00+00:00,5324.0,5354.69
2020-09-30 00:00:00+00:00,5228.0,5215.6357
2020-09-30 01:00:00+00:00,5141.0,5140.9346
2020-09-30 02:00:00+00:00,5270.0,5337.224
2020-09-30 03:00:00+00:00,5839.0,5936.818
2020-09-30 04:00:00+00:00,6848.0,6773.9375
2020-09-30 05:00:00+00:00,7614.0,7509.807
2020-09-30 06:00:00+00:00,7902.0,7913.95
2020-09-30 07:00:00+00:00,7931.0,8082.675
2020-09-30 08:00:00+00:00,7987.0,8114.272
2020-09-30 09:00:00+00:00,8051.0,8047.1323
2020-09-30 10:00:00+00:00,7873.0,7914.9697
2020-09-30 11:00:00+00:00,7808.0,7774.46
2020-09-30 12:00:00+00:00,7700.0,7657.05
2020-09-30 13:00:00+00:00,7635.0,7566.903
2020-09-30 14:00:00+00:00,7586.0,7582.8994
2020-09-30 15:00:00+00:00,7622.0,7701.327
2020-09-30 16:00:00+00:00,7714.0,7774.7065
2020-09-30 17:00:00+00:00,7711.0,7631.593
2020-09-30 18:00:00+00:00,7245.0,7263.468
2020-09-30 19:00:00+00:00,6661.0,6841.7954
2020-09-30 20:00:00+00:00,6336.0,6465.7466
2020-09-30 21:00:00+00:00,5932.0,6106.7256
2020-09-29 23:00:00+00:00,5324.0,5332.5566
2020-09-30 00:00:00+00:00,5228.0,5200.8174
2020-09-30 01:00:00+00:00,5141.0,5176.138
2020-09-30 02:00:00+00:00,5270.0,5318.4995
2020-09-30 03:00:00+00:00,5839.0,5819.6562
2020-09-30 04:00:00+00:00,6848.0,6613.284
2020-09-30 05:00:00+00:00,7614.0,7389.048
2020-09-30 06:00:00+00:00,7902.0,7882.119
2020-09-30 07:00:00+00:00,7931.0,8068.3525
2020-09-30 08:00:00+00:00,7987.0,8105.9
2020-09-30 09:00:00+00:00,8051.0,8034.0996
2020-09-30 10:00:00+00:00,7873.0,7902.8735
2020-09-30 11:00:00+00:00,7808.0,7762.2876
2020-09-30 12:00:00+00:00,7700.0,7650.251
2020-09-30 13:00:00+00:00,7635.0,7605.9014
2020-09-30 14:00:00+00:00,7586.0,7621.572
2020-09-30 15:00:00+00:00,7622.0,7673.868
2020-09-30 16:00:00+00:00,7714.0,7674.255
2020-09-30 17:00:00+00:00,7711.0,7543.4756
2020-09-30 18:00:00+00:00,7245.0,7278.508
2020-09-30 19:00:00+00:00,6661.0,6887.0264
2020-09-30 20:00:00+00:00,6336.0,6470.041
2020-09-30 21:00:00+00:00,5932.0,6081.0127
2020-09-30 22:00:00+00:00,5628.0,5752.856
2020-09-30 00:00:00+00:00,5228.0,5200.68
2020-09-30 01:00:00+00:00,5141.0,5161.708
2020-09-30 02:00:00+00:00,5270.0,5360.8364
2020-09-30 03:00:00+00:00,5839.0,5875.99
2020-09-30 04:00:00+00:00,6848.0,6655.2944
2020-09-30 05:00:00+00:00,7614.0,7368.0967
2020-09-30 06:00:00+00:00,7902.0,7809.0767
2020-09-30 07:00:00+00:00,7931.0,8002.1655
2020-09-30 08:00:00+00:00,7987.0,8035.5127
2020-09-30 09:00:00+00:00,8051.0,7978.208
2020-09-30 10:00:00+00:00,7873.0,7839.935
2020-09-30 11:00:00+00:00,7808.0,7712.162
2020-09-30 12:00:00+00:00,7700.0,7617.505
2020-09-30 13:00:00+00:00,7635.0,7555.1045
2020-09-30 14:00:00+00:00,7586.0,7572.472
2020-09-30 15:00:00+00:00,7622.0,7640.1514
2020-09-30 16:00:00+00:00,7714.0,7658.467
2020-09-30 17:00:00+00:00,7711.0,7524.47
2020-09-30 18:00:00+00:00,7245.0,7247.6953
2020-09-30 19:00:00+00:00,6661.0,6905.6284
2020-09-30 20:00:00+00:00,6336.0,6490.9478
2020-09-30 21:00:00+00:00,5932.0,6059.8247
2020-09-30 22:00:00+00:00,5628.0,5709.0596
2020-09-30 23:00:00+00:00,5395.0,5469.268
