country,p,d,q,P,D,Q,s,AIC,BIC,dev_MSE,fit_time
AT,0,0,0,0,0,0,24,831273.795887327,831282.4004654279,56684347.765873015,0.13337135314941406
AT,0,0,0,0,0,1,24,802036.2162554599,802053.4242208014,56519184.24870246,4.320928573608398
AT,0,0,0,0,1,0,24,663277.9661048858,663286.5700875566,1400752.6646825396,1.2699503898620605
AT,0,0,0,0,1,1,24,659547.5413003692,659564.748074141,1826280.7076467625,29.828163385391235
AT,0,0,0,1,0,0,24,663139.3260194707,663156.5340344455,21735549.218297716,3.4716694355010986
AT,0,0,0,1,0,1,24,658267.234919388,658293.0468674003,2068572.217759455,19.051396131515503
AT,0,0,0,1,1,0,24,662479.097752471,662496.3045759058,1411160.4672606057,18.99991273880005
AT,0,0,0,1,1,1,24,651220.0347101251,651245.8448707828,1764031.5569186513,65.20543837547302
AT,0,0,1,0,0,0,24,801248.7052409594,801265.9143475561,56680076.314717576,1.0726635456085205
AT,0,0,1,0,0,1,24,793412.3833779474,793438.1952515078,56514407.896690644,15.931243896484375
AT,0,0,1,0,1,0,24,616337.5521267424,616354.7600424493,1402739.4110321843,7.451191663742065
AT,0,0,1,0,1,1,24,608548.0494897563,608573.8595759178,1908198.4760537136,141.84120869636536
AT,0,0,1,1,0,0,24,616192.3932280964,616218.2052505587,24500902.77869975,23.844383716583252
AT,0,0,1,1,0,1,24,609092.4207648382,609126.8365962522,2111469.3297780664,107.9629738330841
AT,0,0,1,1,1,0,24,615032.4311133893,615058.2413485415,1417297.477937754,75.60078191757202
AT,0,0,1,1,1,1,24,603580.1654113008,603614.5788595162,1780500.5461633361,333.2921919822693
AT,0,0,2,0,0,0,24,793614.3769001407,793640.1904856263,56676702.688006505,5.82189154624939
AT,0,0,2,0,0,1,24,687701.5117080893,687735.9274402315,56512805.87303353,103.60329341888428
AT,0,0,2,0,1,0,24,586868.0053302137,586893.8171293205,1411496.9171940219,24.733633279800415
AT,0,0,2,0,1,1,24,575707.0699506284,575741.4832995131,1898783.2175183368,234.06240367889404
AT,0,0,2,1,0,0,24,586704.7678134236,586739.1838433733,28323684.088542785,62.091328620910645
AT,0,0,2,1,0,1,24,576285.9322690429,576328.9519342209,2104808.6936855186,221.071528673172
AT,0,0,2,1,1,0,24,584505.2196204304,584539.6332672999,1432282.9426352317,68.84582591056824
AT,0,0,2,1,1,1,24,572652.0752934957,572695.0919796014,1796053.4880263594,451.3951737880707
AT,0,1,0,0,0,0,24,590898.8411492223,590907.4457025207,5997707.488095238,0.25640320777893066
AT,0,1,0,0,0,1,24,566462.6554442364,566479.8633599433,5932611.3090491695,10.150871276855469
AT,0,1,0,0,1,0,24,544374.3583542679,544382.9623121214,73698642.51864782,1.9568469524383545
AT,0,1,0,0,1,1,24,526017.4997072382,526034.7064313459,1272273.4724213684,34.51757049560547
AT,0,1,0,1,0,0,24,541060.3622054269,541077.5701707684,7354987.66298067,7.37346887588501
AT,0,1,0,1,0,1,24,526364.2983264942,526390.1102000546,1644079.5070498413,26.73263907432556
AT,0,1,0,1,1,0,24,538329.6809497639,538346.8877235356,28576323.010058776,9.0998854637146
AT,0,1,0,1,1,1,24,525278.6542052914,525304.4642914529,2204766.463457938,48.89982724189758
AT,0,1,1,0,0,0,24,571309.7056637392,571326.9147207297,6168893.347206986,2.4383416175842285
AT,0,1,1,0,0,1,24,554304.0345016635,554329.8463007703,6226057.585891661,16.37637996673584
AT,0,1,1,0,1,0,24,539940.0067629699,539957.214629041,109761427.79588367,4.671099662780762
AT,0,1,1,0,1,1,24,519486.59277447325,519512.4027861367,1522494.6436556883,58.67936873435974
AT,0,1,1,1,0,0,24,535625.3547371107,535651.166685123,7506824.697454867,15.48506236076355
AT,0,1,1,1,0,1,24,519830.8570916316,519865.2728237739,2233424.203573552,43.33029389381409
AT,0,1,1,1,1,0,24,531938.9791096033,531964.7892702611,47451551.4735119,35.02148985862732
AT,0,1,1,1,1,1,24,519283.75948475534,519318.17283363995,2109711.2432064973,71.62664723396301
AT,0,1,2,0,0,0,24,561229.3012623691,561255.1147734436,6631409.879972714,3.691770553588867
AT,0,1,2,0,0,1,24,548745.0852187558,548779.5008516241,6752606.781513042,19.316187858581543
AT,0,1,2,0,1,0,24,538848.125259553,538873.9369842041,149953915.99220833,5.565659523010254
AT,0,1,2,0,1,1,24,517988.1334949684,518022.5467445198,1529196.3175493872,65.63962769508362
AT,0,1,2,1,0,0,24,533944.7489382429,533979.1648689259,7985921.697104374,19.69848394393921
AT,0,1,2,1,0,1,24,518335.64212113473,518378.66166222,2470572.871634817,32.89136028289795
AT,0,1,2,1,1,0,24,530301.5844354169,530335.9979829605,66682015.801579215,48.29033660888672
AT,0,1,2,1,1,1,24,517859.66400204145,517902.6805639807,2007621.0201451548,98.17995047569275
AT,1,0,0,0,0,0,24,590888.4626363842,590905.6717925859,47805157.031026654,1.5325593948364258
AT,1,0,0,0,0,1,24,566442.0738410448,566467.8857890571,50480243.70446266,25.31355333328247
AT,1,0,0,0,1,0,24,543860.762100532,543877.9700658735,1524781.347346076,15.796971797943115
AT,1,0,0,0,1,1,24,525643.7964161441,525669.6065768019,1871992.749570946,63.54122543334961
AT,1,0,0,1,0,0,24,540859.4854424146,540885.297390427,54168846.62921652,15.071091413497925
AT,1,0,0,1,0,1,24,525993.2458599795,526027.6617906626,4820261.4343379885,30.57719588279724
AT,1,0,0,1,1,0,24,537896.8002385189,537922.6103991766,1520581.249604442,30.377164125442505
AT,1,0,0,1,1,1,24,524881.4750404024,524915.8885879461,1843002.1682534213,74.32334041595459
AT,1,0,1,0,0,0,24,571363.3995978581,571389.213257753,50999207.59166901,0.8899173736572266
AT,1,0,1,0,0,1,24,554267.3815031879,554301.7973346019,52389603.35928606,17.654235124588013
AT,1,0,1,0,1,0,24,539157.5717731087,539183.3836466691,1501239.6003803192,4.194146156311035
AT,1,0,1,0,1,1,24,518892.4934908167,518926.9069390321,1890930.3665452332,66.23641753196716
AT,1,0,1,1,0,0,24,535410.3306240807,535444.7465547638,54697946.80976095,17.910664081573486
AT,1,0,1,1,0,1,24,519244.96419825585,519287.98398752324,6477954.973338794,36.91596436500549
AT,1,0,1,1,1,0,24,531284.4254745764,531318.8390221201,1513573.3188697398,40.020431995391846
AT,1,0,1,1,1,1,24,518673.06772176176,518716.084532031,1872470.5086487255,73.14195251464844
AT,1,0,2,0,0,0,24,561417.3789273656,561451.7970413466,53282229.80693573,1.4821958541870117
AT,1,0,2,0,0,1,24,548684.7748293469,548727.7944945248,53807771.71239494,36.33834648132324
AT,1,0,2,0,1,0,24,537812.0291667064,537846.4448988487,1490457.4798153965,6.350325584411621
AT,1,0,2,0,1,1,24,517165.72447184153,517208.7411579473,1894445.2104097605,104.84921026229858
AT,1,0,2,1,0,0,24,533702.4041802454,533745.4240935992,54992062.17117652,20.135239839553833
AT,1,0,2,1,0,1,24,517530.1201720068,517581.74377022026,6893730.075846169,44.73466873168945
AT,1,0,2,1,1,0,24,529401.3872101542,529444.4041445839,1504703.5225397232,46.67010045051575
AT,1,0,2,1,1,1,24,517023.70545066986,517075.3254739968,1878552.3308128403,109.8833258152008
AT,1,1,0,0,0,0,24,562825.4490252605,562842.6581318572,9610848.829195445,0.9008574485778809
AT,1,1,0,0,0,1,24,548857.4405068263,548883.2523803867,8578496.72478681,10.252245903015137
AT,1,1,0,0,1,0,24,539075.5096527885,539092.7175684954,161683255.18278962,3.1990582942962646
AT,1,1,0,0,1,1,24,518351.36845167703,518377.17853783857,1931605.6675661549,34.38950443267822
AT,1,1,0,1,0,0,24,534125.5830245954,534151.3948981558,8531220.665881222,8.543334007263184
AT,1,1,0,1,0,1,24,518690.59602744656,518725.01185886044,3006305.382775895,25.59530758857727
AT,1,1,0,1,1,0,24,530596.9845943688,530622.7946805303,79570680.209555,49.81203818321228
AT,1,1,1,0,0,0,24,561949.929611498,561975.7431969837,8270814.651721709,0.9249382019042969
AT,1,1,1,0,0,1,24,548765.3134209926,548799.7291531349,8181032.756722597,15.645214557647705
AT,1,1,1,0,1,0,24,539045.8274136853,539071.639212792,172275074.05602556,4.806795597076416
AT,1,1,1,0,1,1,24,518317.5178408893,518351.9311897739,1862535.7196551622,62.62500548362732
AT,1,1,1,1,0,0,24,534108.995497243,534143.411328657,8739375.429141505,12.382677793502808
AT,1,1,1,1,0,1,24,518657.3700010964,518700.3896662743,2905121.249630238,40.176987409591675
AT,1,1,1,1,1,0,24,530593.276020256,530627.6894684713,77488375.41900295,33.884913206100464
AT,1,1,1,1,1,1,24,518173.44961635594,518216.4663024617,2443021.5260350266,88.65359687805176
AT,1,1,2,0,0,0,24,560353.4524845318,560387.8704992977,6945847.572122398,3.542246103286743
AT,1,1,2,0,0,1,24,548073.2787331862,548116.2982742715,7301142.965362515,13.921277284622192
AT,1,1,2,0,1,0,24,538838.9318529885,538873.3474858569,153061652.08914825,6.211127042770386
AT,1,1,2,0,1,1,24,517989.68924864335,518032.7058105826,1526489.2105869811,76.19678688049316
AT,1,1,2,1,0,0,24,533857.7237564021,533900.7435456695,8197677.919644404,15.379852533340454
AT,1,1,2,1,0,1,24,518336.62863347237,518388.25208277476,2474778.7694699797,56.84338712692261
AT,1,1,2,1,1,0,24,530275.0432596642,530318.0600699334,67769411.84491217,32.80359959602356
AT,1,1,2,1,1,1,24,517861.2186559671,517912.8385302942,2005064.7432733607,80.0265257358551
AT,2,0,0,0,0,0,24,562674.8978985039,562700.7115583989,55440527.99899728,1.1256709098815918
AT,2,0,0,0,0,1,24,550800.135571378,550834.5515020611,55185357.87393694,9.23318076133728
AT,2,0,0,0,1,0,24,537949.6396285766,537975.451502137,1487047.1158289122,4.589271545410156
AT,2,0,0,0,1,1,24,517403.6762715328,517438.0898190765,1899885.06552871,57.94837999343872
AT,2,0,0,1,0,0,24,533847.9953335462,533882.4111649601,55102529.39270054,16.11621594429016
AT,2,0,0,1,0,1,24,517749.1110286733,517792.1308179407,6784601.070424504,33.17649555206299
AT,2,0,0,1,1,0,24,529541.7506556048,529576.1641038201,1500139.672745097,54.82356405258179
AT,2,0,0,1,1,1,24,517229.99853434484,517273.01534461405,1881962.9406552073,60.99284219741821
AT,2,0,1,0,0,0,24,561840.9378826476,561875.3560958409,55112598.79780596,1.839622974395752
AT,2,0,1,0,0,1,24,548651.2420735504,548694.2618628177,55068802.81124198,21.631770849227905
AT,2,0,1,0,1,0,24,537853.5019324076,537887.9177638215,1485757.2573307294,6.085655450820923
AT,2,0,1,0,1,1,24,517391.6088057903,517434.6256160595,1899727.2399265913,60.36511993408203
AT,2,0,1,1,0,0,24,533817.4699260399,533860.4897153073,55135470.2770051,20.86341881752014
AT,2,0,1,1,0,1,24,517750.21595935634,517801.8397064772,6809057.167217533,37.697720527648926
AT,2,0,1,1,1,0,24,529539.3129764436,529582.3297867128,1499733.7040472855,44.79584193229675
AT,2,0,1,1,1,1,24,517231.8118762158,517283.4320485389,1881958.215832429,92.17612791061401
AT,2,0,2,0,0,0,24,560290.5476116654,560333.5702541415,54414912.803327195,3.4727976322174072
AT,2,0,2,0,0,1,24,547981.0278982982,548032.6514965117,54699183.49185156,41.11066675186157
AT,2,0,2,0,1,0,24,537728.7107630341,537771.730428212,1483879.8376866635,5.278259992599487
AT,2,0,2,0,1,1,24,517141.53148634377,517193.1515096707,1895522.6429045347,148.52171969413757
AT,2,0,2,1,0,0,24,537593.0011292372,537644.6248763581,8016164.701279901,77.34745144844055
AT,2,0,2,1,0,1,24,517504.11073346797,517564.338264717,6927156.284939263,105.00607895851135
AT,2,0,2,1,1,0,24,529306.0061171709,529357.626289494,1499196.9117487716,73.06907558441162
AT,2,0,2,1,1,1,24,516998.23484782863,517058.4582083767,1879375.524825984,179.01764392852783
AT,2,1,0,0,0,0,24,561505.6117604532,561531.4253459389,7371868.666007799,1.0090832710266113
AT,2,1,0,0,0,1,24,548739.1130821321,548773.528913546,7956999.315241923,9.75978708267212
AT,2,1,0,0,1,0,24,539037.865468194,539063.6772673008,175620281.46525592,2.0437304973602295
AT,2,1,0,0,1,1,24,518319.42499211314,518353.83844032855,1813294.6362043552,35.22155523300171
AT,2,1,0,1,0,0,24,534089.010611694,534123.4263438362,8809282.635223456,11.321239948272705
AT,2,1,0,1,0,1,24,518647.0201847333,518690.03984991123,2839240.9278807244,32.52649998664856
AT,2,1,0,1,1,0,24,530577.8231173939,530612.2364662786,76411844.4031473,32.794270277023315
AT,2,1,0,1,1,1,24,518167.0672696951,518210.08395580086,2392663.145301628,63.150174379348755
AT,2,1,1,0,0,0,24,557116.9919349999,557151.4100489808,2670382.1515182215,4.006244659423828
AT,2,1,1,0,0,1,24,545057.3137366313,545100.3334018092,2818227.728663702,32.767064571380615
AT,2,1,1,0,1,0,24,538332.6825956099,538367.0983277522,148615376.47051328,16.37947416305542
AT,2,1,1,0,1,1,24,518318.6399690659,518361.65665517165,1879226.2715379829,158.68455624580383
AT,2,1,1,1,0,0,24,532703.1886461468,532746.2083113247,2362010.0925979014,49.46865224838257
AT,2,1,1,1,0,1,24,517728.065154209,517779.68875242246,1591512.5789972648,120.44574284553528
AT,2,1,1,1,1,0,24,530551.9434341238,530594.9601202295,82918333.6845986,89.6573977470398
AT,2,1,1,1,1,1,24,518158.7902435215,518210.41026684846,2475281.7415534384,189.96484518051147
AT,2,1,2,0,0,0,24,557048.8966574651,557091.9191759225,2931149.3165438296,11.781252145767212
AT,2,1,2,0,0,1,24,544997.4328788054,545049.0563281078,2826422.3613941236,51.83034300804138
AT,2,1,2,0,1,0,24,538802.7590942503,538845.7786353356,117688318.41419542,8.57178258895874
AT,2,1,2,0,1,1,24,518295.1166713477,518346.7365456748,1830545.2245861974,207.50240540504456
AT,2,1,2,1,0,0,24,533832.6135144241,533884.2371126375,7740153.43742944,36.53644609451294
AT,2,1,2,1,0,1,24,529496.5527263738,529556.7800838932,2195743.8919995767,183.74313807487488
AT,2,1,2,1,1,0,24,530067.5202001355,530119.1402234625,1841548.292097799,206.5391845703125
AT,2,1,2,1,1,1,24,518143.0710756051,518203.29426232004,2424431.0353507767,225.7935664653778
AT,1,1,0,1,1,1,24,518197.58575395064,518231.99920216604,2524574.055531751,34.38830018043518
BE,0,0,0,0,0,0,24,857424.0399105935,857432.6444886944,98688065.65337302,0.12349200248718262
BE,0,0,0,0,0,1,24,827343.1379721062,827360.3459374477,98378447.52915071,7.33176064491272
BE,0,0,0,0,1,0,24,654964.671056658,654973.2750393288,1653423.6700396826,1.2656259536743164
BE,0,0,0,0,1,1,24,654485.8199422129,654503.0267159847,1648253.7936065493,21.994605779647827
BE,0,0,0,1,0,0,24,654914.7410477992,654931.9490627741,15264512.068009755,3.091489791870117
BE,0,0,0,1,0,1,24,654865.4469622915,654891.2589103038,13301149.859489195,9.449123620986938
BE,0,0,0,1,1,0,24,654548.9580185441,654566.1648419789,1651564.922917044,17.15800666809082
BE,0,0,0,1,1,1,24,652760.7993572409,652786.6095178986,1572116.2072011281,31.62780451774597
BE,0,0,1,0,0,0,24,827369.1388769903,827386.347983587,98678962.98464942,0.9271862506866455
BE,0,0,1,0,0,1,24,819325.7186317563,819351.5305053167,98368628.67229006,16.237646102905273
BE,0,0,1,0,1,0,24,606143.7586212802,606160.9665369871,1652458.475365027,7.202805519104004
BE,0,0,1,0,1,1,24,603693.6189574645,603719.429043626,2293015.6391819525,78.26527667045593
BE,0,0,1,1,0,0,24,606103.6898593339,606129.5018817962,17340016.67747684,23.64882516860962
BE,0,0,1,1,0,1,24,605821.4273773564,605855.8432087704,11533437.164574826,79.03374314308167
BE,0,0,1,1,1,0,24,605698.5725313734,605724.3827665255,1648373.0373115914,43.18895864486694
BE,0,0,1,1,1,1,24,604722.9550641781,604757.3685123934,1586937.2219377812,155.38512349128723
BE,0,0,2,0,0,0,24,819743.4169933667,819769.2305788524,98670238.65485857,4.562061786651611
BE,0,0,2,0,0,1,24,817270.9757122053,817305.3914443476,98371141.66567421,32.416415214538574
BE,0,0,2,0,1,0,24,573995.9106753763,574021.7224744831,1643194.3553804364,16.01508116722107
BE,0,0,2,0,1,1,24,568717.096362222,568751.5097111067,2282498.1722904053,224.3916027545929
BE,0,0,2,1,0,0,24,573963.7344692473,573998.150499197,21444571.709612016,52.12434935569763
BE,0,0,2,1,0,1,24,579851.6708286287,579894.6904938066,2890487.590484451,143.20954537391663
BE,0,0,2,1,1,0,24,573247.40719917,573281.8208460395,1608747.6166748267,74.22990942001343
BE,0,0,2,1,1,1,24,563014.8997367305,563057.9164228362,2158729.3767021745,338.2838020324707
BE,0,1,0,0,0,0,24,592071.5881317889,592080.1926850872,4300101.470833333,0.2157590389251709
BE,0,1,0,0,0,1,24,561371.0289428686,561388.2368585755,3075824.4698376404,10.949756383895874
BE,0,1,0,0,1,0,24,535947.2924704553,535955.8964283088,96719401.47956349,1.7934250831604004
BE,0,1,0,0,1,1,24,524371.1217640324,524388.3284881401,16481859.301323866,27.050277948379517
BE,0,1,0,1,0,0,24,533362.2334355018,533379.4414008433,2692528.150972153,7.197265386581421
BE,0,1,0,1,0,1,24,524645.8894833035,524671.701356864,8197494.434886627,22.288405656814575
BE,0,1,0,1,1,0,24,533411.780628376,533428.9874021477,30492747.87276691,11.474859714508057
BE,0,1,0,1,1,1,24,521790.8967640889,521816.7068502504,5366993.408347318,35.02259659767151
BE,0,1,1,0,0,0,24,570042.1098701577,570059.3189271481,4838749.382167973,2.2123055458068848
BE,0,1,1,0,0,1,24,545965.9693439542,545991.781143061,3705143.7058823886,14.853299617767334
BE,0,1,1,0,1,0,24,526390.6025558112,526407.8104218823,236503379.893387,4.7810986042022705
BE,0,1,1,0,1,1,24,514058.46667949704,514084.2766911605,27043808.389498066,44.006964921951294
BE,0,1,1,1,0,0,24,523122.74464864307,523148.55659665534,2774063.124394842,11.971456527709961
BE,0,1,1,1,0,1,24,514263.7963851504,514298.2121172927,8154102.00175235,39.355183839797974
BE,0,1,1,1,1,0,24,522773.1778390491,522798.9879997068,73822162.31375001,29.92965602874756
BE,0,1,1,1,1,1,24,512181.36930764315,512215.78265652776,11846408.292194646,64.23580265045166
BE,0,1,2,0,0,0,24,564839.8387222597,564865.6522333341,5234426.798484232,2.314877510070801
BE,0,1,2,0,0,1,24,542124.6149589635,542159.0305918318,3995792.928100512,14.404235363006592
BE,0,1,2,0,1,0,24,524460.5414451449,524486.353169796,562039710.3922275,8.776644468307495
BE,0,1,2,0,1,1,24,512092.935568754,512127.34881830536,46009803.80015943,47.28462862968445
BE,0,1,2,1,0,0,24,520928.083157541,520962.499088224,2479666.1392456037,17.621485948562622
BE,0,1,2,1,0,1,24,512260.5484220005,512303.5679630858,10809377.031931117,27.66541290283203
BE,0,1,2,1,1,0,24,520548.42951729934,520582.84306484304,227199305.24790844,40.82137942314148
BE,0,1,2,1,1,1,24,510408.57692495664,510451.5934868959,24953533.412413135,71.04808163642883
BE,1,0,0,0,0,0,24,592073.1866300878,592090.3957862895,65532304.15739559,1.3300490379333496
BE,1,0,0,0,0,1,24,561369.0606817307,561394.8726297431,73787497.56032144,17.298237085342407
BE,1,0,0,0,1,0,24,535439.3564422509,535456.5644075924,1461167.8315965259,5.1735241413116455
BE,1,0,0,0,1,1,24,523970.7624481758,523996.57260883355,2128610.2449139105,49.01685667037964
BE,1,0,0,1,0,0,24,533206.6627509604,533232.4746989728,92185950.29034996,26.439890146255493
BE,1,0,0,1,0,1,24,524264.3835185767,524298.7994492598,11900157.95054129,37.625739097595215
BE,1,0,0,1,1,0,24,532934.4329519687,532960.2431126265,1506417.0448156833,27.85068964958191
BE,1,0,0,1,1,1,24,521360.5370701054,521394.95061764907,2133514.366412127,84.17038989067078
BE,1,0,1,0,0,0,24,570074.0244313715,570099.8380912665,77973516.98827118,1.2110509872436523
BE,1,0,1,0,0,1,24,545953.7404374954,545988.1562689093,82429250.99424273,37.12193322181702
BE,1,0,1,0,1,0,24,525554.0480217237,525579.8598952842,1476617.0901452855,5.6761252880096436
BE,1,0,1,0,1,1,24,513393.2216167528,513427.6350649682,2157128.9233237333,59.654218435287476
BE,1,0,1,1,0,0,24,522944.55157566635,522978.9675063494,93499131.05696757,24.67076325416565
BE,1,0,1,1,0,1,24,513646.57686502655,513689.59665429394,17304974.19407135,50.22423481941223
BE,1,0,1,1,1,0,24,522014.71793190966,522049.13147945335,1514193.8680031672,40.07933282852173
BE,1,0,1,1,1,1,24,511462.9455243614,511505.9623346306,2173613.7951404504,68.31676650047302
BE,1,0,2,0,0,0,24,564847.8252806857,564882.2433946666,85129035.6422264,1.6440670490264893
BE,1,0,2,0,0,1,24,542098.0989423057,542141.1186074836,87631933.98572429,42.61933088302612
BE,1,0,2,0,1,0,24,523289.7921909721,523324.20792311436,1466156.5574431722,7.169826030731201
BE,1,0,2,0,1,1,24,511141.45568215055,511184.4723682563,2159541.4628969035,64.68030858039856
BE,1,0,2,1,0,0,24,520704.02537180024,520747.045285154,94185197.56560823,25.32286238670349
BE,1,0,2,1,0,1,24,511385.88801929634,511437.5116175098,18018127.802491006,45.64939522743225
BE,1,0,2,1,1,0,24,519476.2010716746,519519.2180061042,1493391.7554952314,49.578930377960205
BE,1,0,2,1,1,1,24,509395.36879133654,509446.9888146635,2179161.2934946553,124.8220145702362
BE,1,1,0,0,0,0,24,566567.0895364615,566584.2986430582,8834055.880472029,0.1766035556793213
BE,1,1,0,0,0,1,24,542632.0066165543,542657.8184901148,5389926.930761333,8.922255039215088
BE,1,1,0,0,1,0,24,525004.8581403907,525022.0660560976,676957844.3796555,2.6025707721710205
BE,1,1,0,0,1,1,24,513042.1693279701,513067.97941413167,37110476.37506849,30.221635103225708
BE,1,1,0,1,0,0,24,521447.932179719,521473.7440532794,2673874.7034762786,10.062997579574585
BE,1,1,0,1,0,1,24,513215.42647358833,513249.8423050022,8281780.861594229,22.081404447555542
BE,1,1,0,1,1,0,24,521364.7124645719,521390.5225507334,283405893.43809336,24.331467151641846
BE,1,1,0,1,1,1,24,511138.66721648973,511173.08066470514,20645337.26348951,55.122411489486694
BE,1,1,1,0,0,0,24,564077.9870912443,564103.80067673,6721383.693432532,1.0096633434295654
BE,1,1,1,0,0,1,24,541766.55030702,541800.9660391622,4791722.59988367,19.644181489944458
BE,1,1,1,0,1,0,24,524732.6402419943,524758.4520411011,568809158.4303108,11.501232624053955
BE,1,1,1,0,1,1,24,512475.515587899,512509.92893678363,37746942.485841766,67.66308856010437
BE,1,1,1,1,0,0,24,521132.0709244212,521166.48675583507,2684932.5610426236,14.889832735061646
BE,1,1,1,1,0,1,24,512644.62970654137,512687.6493717193,8464372.966197649,50.59010457992554
BE,1,1,1,1,1,0,24,520888.17628556356,520922.58973377896,215512180.03784528,43.74479603767395
BE,1,1,1,1,1,1,24,510722.28070645884,510765.2973925646,20199170.65379964,74.9878261089325
BE,1,1,2,0,0,0,24,563806.883077119,563841.301091885,6226610.631689519,4.26965594291687
BE,1,1,2,0,0,1,24,541530.5616167677,541573.581157853,4561024.597864444,21.8341965675354
BE,1,1,2,0,1,0,24,524421.3328765243,524455.7485093926,586552941.4497757,7.657976150512695
BE,1,1,2,0,1,1,24,512093.43923120084,512136.4557931401,45757227.05848078,67.37939286231995
BE,1,1,2,1,0,0,24,520835.0686415102,520878.0884307776,2565551.492339317,20.233065605163574
BE,1,1,2,1,0,1,24,512260.20526203397,512311.82871133636,10622215.836267753,51.83666944503784
BE,1,1,2,1,1,0,24,520515.6263922573,520558.6432025265,231330285.97302952,47.10593605041504
BE,1,1,2,1,1,1,24,510403.40379764885,510455.02367197594,24730205.280596666,79.31309604644775
BE,2,0,0,0,0,0,24,566494.1257359721,566519.939395867,93338832.9764532,1.5144031047821045
BE,2,0,0,0,0,1,24,542570.1092064471,542604.5251371302,92962387.98211034,25.837552070617676
BE,2,0,0,0,1,0,24,523429.8306694919,523455.6425430523,1503385.1923654317,8.476089715957642
BE,2,0,0,0,1,1,24,511782.5299461658,511816.9434937095,2201377.321137059,60.26046276092529
BE,2,0,0,1,0,0,24,521136.3074038709,521170.7232352848,94603537.86594725,22.281078338623047
BE,2,0,0,1,0,1,24,512017.50817920745,512060.52796847484,14786922.260104993,44.913169384002686
BE,2,0,0,1,1,0,24,519883.5887015475,519918.0021497629,1523414.1069352014,32.07364749908447
BE,2,0,0,1,1,1,24,509797.88647267583,509840.90328294504,2203056.269816469,87.82236504554749
BE,2,0,1,0,0,0,24,564039.891253566,564074.3094667593,91074158.39621973,1.9782755374908447
BE,2,0,1,0,0,1,24,541719.1097971506,541762.1295864179,91513402.47740196,43.799381732940674
BE,2,0,1,0,1,0,24,523317.63784674264,523352.0536781565,1498197.5978741427,8.380717277526855
BE,2,0,1,0,1,1,24,511381.82962300815,511424.84643327736,2187379.6527081323,73.3993034362793
BE,2,0,1,1,0,0,24,520865.40280793747,520908.42259720486,94501331.90762101,33.932151556015015
BE,2,0,1,1,0,1,24,511630.493831054,511682.11757817486,16379253.003210371,58.96709990501404
BE,2,0,1,1,1,0,24,519595.67532256263,519638.69213283184,1519452.5737055223,53.23568344116211
BE,2,0,1,1,1,1,24,509553.80778968544,509605.4279620085,2197594.4012416387,99.41366720199585
BE,2,0,2,0,0,0,24,563775.0665165934,563818.0891590695,89915116.63893925,4.687192440032959
BE,2,0,2,0,0,1,24,552619.0175376786,552670.641135892,5381251.616135818,88.8599374294281
BE,2,0,2,0,1,0,24,523098.15399732534,523141.17366250325,1487484.0951912627,11.537426233291626
BE,2,0,2,0,1,1,24,511095.7180131995,511147.33803652646,2169419.7477807035,118.36836290359497
BE,2,0,2,1,0,0,24,522781.8887396875,522833.51248680835,93464339.01175076,59.02637052536011
BE,2,0,2,1,0,1,24,511340.79614055186,511401.0236718009,17494201.60822456,80.21822690963745
BE,2,0,2,1,1,0,24,519330.85447826074,519382.4746505838,1508215.3072848644,70.4391679763794
BE,2,0,2,1,1,1,24,509320.95319441735,509381.17655496544,2187945.3160316977,148.70988178253174
BE,2,1,0,0,0,0,24,563707.8020404547,563733.6156259404,5932295.895064509,1.8395867347717285
BE,2,1,0,0,0,1,24,541563.8631085054,541598.2789399193,4515807.673882555,13.017202615737915
BE,2,1,0,0,1,0,24,524608.5641566975,524634.3759558043,510104413.9534266,2.4279534816741943
BE,2,1,0,0,1,1,24,512232.1839010763,512266.5973492917,39730648.97438636,38.35220718383789
BE,2,1,0,1,0,0,24,520983.0527481019,521017.46848024416,2666649.1453615483,14.542598485946655
BE,2,1,0,1,0,1,24,512386.62665347883,512429.64631865674,9149195.802561546,31.404118061065674
BE,2,1,0,1,1,0,24,520646.5526307592,520680.9659796438,179973195.40573663,49.026119232177734
BE,2,1,0,1,1,1,24,510534.01692784205,510577.0336139478,20721047.575535897,65.17804622650146
BE,2,1,1,0,0,0,24,560547.261660953,560581.679774934,2650060.503337556,5.9880499839782715
BE,2,1,1,0,0,1,24,538424.5731194335,538467.5927846114,2990028.769499554,48.25011849403381
BE,2,1,1,0,1,0,24,523432.1468805927,523466.56261273497,1495721.2142849406,45.154521465301514
BE,2,1,1,0,1,1,24,513389.6039869072,513432.620673013,2529995.045108433,131.80273699760437
BE,2,1,1,1,0,0,24,519693.6041047517,519736.62376992963,1705840.1105673024,79.14846634864807
BE,2,1,1,1,0,1,24,511711.77714976197,511763.40074797545,11067588.114642745,96.50420331954956
BE,2,1,1,1,1,0,24,520062.4476681178,520105.4643542236,1476117.7716887924,167.75849723815918
BE,2,1,1,1,1,1,24,511959.82251265866,512011.4425359856,2630258.67737598,226.37853002548218
BE,2,1,2,0,0,0,24,559826.9399993933,559869.9625178507,3090921.328831036,5.258519411087036
BE,2,1,2,0,0,1,24,538223.7694009985,538275.3928503009,2974417.483233976,55.921303033828735
BE,2,1,2,0,1,0,24,523837.88301302504,523880.90255411033,336687162.6201375,13.046617269515991
BE,2,1,2,0,1,1,24,511495.80966222065,511547.42953654774,44369104.41096316,134.9153492450714
BE,2,1,2,1,0,0,24,520938.8655261421,520990.4891243556,2667596.3007453713,85.19788813591003
BE,2,1,2,1,0,1,24,511529.17813624465,511589.4054937641,1414158.6629405767,151.04444408416748
BE,2,1,2,1,1,0,24,519902.0350881611,519953.6551114881,101333335.4899161,84.52862763404846
BE,2,1,2,1,1,1,24,509532.93846832326,509593.1616550382,2605495.068955225,242.93703055381775
BG,0,0,0,0,0,0,24,791443.4608851549,791452.0654632557,20515182.620238096,0.16073942184448242
BG,0,0,0,0,0,1,24,761379.2707267548,761396.4786920963,20461345.390631877,4.640716552734375
BG,0,0,0,0,1,0,24,558794.5507664006,558803.1547490715,667455.3571428572,1.2064425945281982
BG,0,0,0,0,1,1,24,558416.8627744936,558434.0695482654,668321.6216996108,11.74280309677124
BG,0,0,0,1,0,0,24,558772.1494602084,558789.3574751832,2137973.247388879,4.741544008255005
BG,0,0,0,1,0,1,24,558755.762655479,558781.5746034913,2094827.6752762771,4.734769582748413
BG,0,0,0,1,1,0,24,558433.0753931237,558450.2822165585,667927.6709094597,4.921733856201172
BG,0,0,0,1,1,1,24,555406.5895788303,555432.399739488,695020.6403426494,48.24271869659424
BG,0,0,1,0,0,0,24,761351.8257012271,761369.0348078237,20513557.040706914,1.3287370204925537
BG,0,0,1,0,0,1,24,753341.0514861732,753366.8633597336,20458555.90846213,18.232128620147705
BG,0,0,1,0,1,0,24,515387.9095288848,515405.1174445918,670985.3682858812,6.047700643539429
BG,0,0,1,0,1,1,24,514705.8794061281,514731.6894922896,677014.3105606902,24.91615319252014
BG,0,0,1,1,0,0,24,515372.43309139984,515398.2451138621,2460112.90120127,20.22807264328003
BG,0,0,1,1,0,1,24,515432.74465490645,515467.1604863203,2527014.1492415518,58.9636013507843
BG,0,0,1,1,1,0,24,514880.1834379632,514905.9936731153,673443.3061359904,21.265989780426025
BG,0,0,1,1,1,1,24,511251.1108453993,511285.5242936147,696874.5925451384,68.40081882476807
BG,0,0,2,0,0,0,24,686431.5518902774,686457.3654757631,20512664.328249946,7.41145396232605
BG,0,0,2,0,0,1,24,752139.3142120976,752173.7299442398,20456579.410144888,34.86520290374756
BG,0,0,2,0,1,0,24,490733.9911553296,490759.80295443634,668189.9210858459,11.576716661453247
BG,0,0,2,0,1,1,24,497300.29970964405,497334.71305852866,690509.2765591759,51.53101563453674
BG,0,0,2,1,0,0,24,490719.4138824662,490753.82991241594,3046723.6279685334,48.043840169906616
BG,0,0,2,1,0,1,24,489218.8710909162,489261.89075609413,1884420.647178691,193.72039318084717
BG,0,0,2,1,1,0,24,497960.96555987,497995.3792067395,678558.8829279259,40.35318565368652
BG,0,0,2,1,1,1,24,493761.38918121834,493804.4058673241,699211.3183819973,189.4226438999176
BG,0,1,0,0,0,0,24,547201.8363180351,547210.4408713335,2107367.7472222224,0.16412138938903809
BG,0,1,0,0,0,1,24,512383.71702590777,512400.92494161474,2093245.1134400307,10.095968961715698
BG,0,1,0,0,1,0,24,470176.693564867,470185.2975227205,15039512.167857142,1.7327980995178223
BG,0,1,0,0,1,1,24,460262.5303483273,460279.737072435,403948.8041790294,34.0942485332489
BG,0,1,0,1,0,0,24,468663.30360718904,468680.51157253055,1191791.3731354945,4.835315227508545
BG,0,1,0,1,0,1,24,460494.6017767964,460520.4136503568,664859.9762275036,17.026355981826782
BG,0,1,0,1,1,0,24,466990.70844723337,467007.9152210052,19397878.726289257,7.779588222503662
BG,0,1,0,1,1,1,24,457261.18139674293,457286.9914829045,465509.731455979,39.66119837760925
BG,0,1,1,0,0,0,24,519396.7945084247,519414.00356541516,2196772.158135492,2.683411121368408
BG,0,1,1,0,0,1,24,494550.65052389936,494576.46232300607,2434556.391316386,22.772266626358032
BG,0,1,1,0,1,0,24,464658.63936517615,464675.8472312473,2517527.0034323423,5.981218338012695
BG,0,1,1,0,1,1,24,452772.47179614846,452798.28180781193,472418.747166009,35.525309324264526
BG,0,1,1,1,0,0,24,462565.1915161363,462591.00346414855,1895214.5754026887,16.833733558654785
BG,0,1,1,1,0,1,24,452974.27672812843,453008.6924602707,885164.3292160513,50.72756552696228
BG,0,1,1,1,1,0,24,460435.7465887337,460461.5567493914,9191690.806027487,29.946072101593018
BG,0,1,1,1,1,1,24,450733.36714140786,450767.78049029247,698527.4280508122,59.71422052383423
BG,0,1,2,0,0,0,24,510218.55103312305,510244.36454419745,2601261.079837959,2.933710813522339
BG,0,1,2,0,0,1,24,488642.99611681444,488677.4117496827,2560524.7239762386,14.919183254241943
BG,0,1,2,0,1,0,24,464095.7650370126,464121.5767616638,17326507.21042739,10.254730701446533
BG,0,1,2,0,1,1,24,452028.3896840101,452062.8029335615,402531.33055622096,40.84876012802124
BG,0,1,2,1,0,0,24,461741.2261146705,461775.64204535354,1648300.8176464404,18.691553592681885
BG,0,1,2,1,0,1,24,452211.0558366761,452254.0753777614,896148.886030042,26.859989166259766
BG,0,1,2,1,1,0,24,459729.66848001315,459764.08202755684,20770694.164268706,35.55703401565552
BG,0,1,2,1,1,1,24,450110.23873117135,450153.2552931106,485955.4938665852,56.3504056930542
BG,1,0,0,0,0,0,24,547192.5446773253,547209.753833527,17090198.598224938,1.1209173202514648
BG,1,0,0,0,0,1,24,512367.80807056034,512393.6200185726,17893041.51832374,20.678515434265137
BG,1,0,0,0,1,0,24,469061.2264218895,469078.434387231,643336.5366920619,6.19091010093689
BG,1,0,0,0,1,1,24,459654.68416780484,459680.4943284626,708404.2292417249,39.92927026748657
BG,1,0,0,1,0,0,24,468200.98259054305,468226.7945385553,18508818.948244616,15.299176454544067
BG,1,0,0,1,0,1,24,459902.67744221666,459937.0933728997,2681649.2486037062,47.27708387374878
BG,1,0,0,1,1,0,24,466002.5085504374,466028.31871109514,645710.0061673025,29.356919527053833
BG,1,0,0,1,1,1,24,456575.87936360977,456610.29291115346,701904.9461092293,68.14751052856445
BG,1,0,1,0,0,0,24,519400.1012450477,519425.91490494274,18251313.645641357,1.8728976249694824
BG,1,0,1,0,0,1,24,494519.7597704015,494554.1756018154,18741777.301410057,28.469436407089233
BG,1,0,1,0,1,0,24,462890.20841977,462916.0202933304,661438.0324793315,4.9338905811309814
BG,1,0,1,0,1,1,24,451772.2617609534,451806.6752091688,710309.4863679856,46.48483180999756
BG,1,0,1,1,0,0,24,462094.15293180797,462128.568862491,19071807.078230545,35.03044939041138
BG,1,0,1,1,0,1,24,452006.13633076614,452049.1561200335,2770581.6016901643,57.58848237991333
BG,1,0,1,1,1,0,24,458884.3678147852,458918.7813623289,664616.6825131074,42.81807780265808
BG,1,0,1,1,1,1,24,449638.32584382757,449681.3426540968,703832.620245258,65.95516872406006
BG,1,0,2,0,0,0,24,510179.2369045575,510213.65501853835,19090744.424638312,4.431835889816284
BG,1,0,2,0,0,1,24,488591.37180845963,488634.39147363754,19301376.76775038,45.299500465393066
BG,1,0,2,0,1,0,24,461815.2641548119,461849.6798869542,653340.2215484525,13.716463327407837
BG,1,0,2,0,1,1,24,450694.9128346539,450737.9295207597,710878.9407686413,74.94627594947815
BG,1,0,2,1,0,0,24,461231.38358177483,461274.4034951286,19219631.53986015,27.843931436538696
BG,1,0,2,1,0,1,24,450926.62897608074,450978.2525742942,2682062.0742901247,51.13528275489807
BG,1,0,2,1,1,0,24,457686.31099358416,457729.32792801375,662280.9817030488,55.270673751831055
BG,1,0,2,1,1,1,24,448677.01562702307,448728.63565035,702731.980450771,114.88876008987427
BG,1,1,0,0,0,0,24,514002.83089272375,514020.0399993204,4412263.437841207,0.977165699005127
BG,1,1,0,0,0,1,24,489780.23949317937,489806.0513667398,3469584.347389375,10.855967044830322
BG,1,1,0,0,1,0,24,464603.45578549115,464620.6637011981,22013908.23919682,2.069967269897461
BG,1,1,0,0,1,1,24,452968.3388648613,452994.1489510228,388103.29905281443,33.397403955459595
BG,1,1,0,1,0,0,24,462271.5163059527,462297.3281795131,1673178.5927305021,12.657634973526001
BG,1,1,0,1,0,1,24,453156.9595295252,453191.37536093907,902038.4279068211,26.403194189071655
BG,1,1,0,1,1,0,24,460456.14140365215,460481.9514898137,25496037.657692797,25.89240288734436
BG,1,1,0,1,1,1,24,450836.35158855765,450870.76503677305,413967.64455179364,42.26226329803467
BG,1,1,1,0,0,0,24,508941.9663281955,508967.77991368115,3098734.8084461167,2.6514976024627686
BG,1,1,1,0,0,1,24,488129.46224470716,488163.87797684944,3127513.3753939252,16.063958644866943
BG,1,1,1,0,1,0,24,464324.59567203285,464350.40747113957,8698722.942894032,8.770792484283447
BG,1,1,1,0,1,1,24,452317.2051079891,452351.6184568737,435258.6863730492,56.5900673866272
BG,1,1,1,1,0,0,24,467232.74404989736,467267.15988131124,1214682.781884339,34.96997809410095
BG,1,1,1,1,0,1,24,452507.23784743855,452550.25751261646,918385.7609603142,95.2462363243103
BG,1,1,1,1,1,0,24,460000.329324805,460034.7427730204,14660078.201808348,44.38088369369507
BG,1,1,1,1,1,1,24,450354.9490813892,450397.9657674949,576500.7773030822,105.12892317771912
BG,1,1,2,0,0,0,24,507754.65229762916,507789.07031239505,2840776.5171006415,5.036776065826416
BG,1,1,2,0,0,1,24,487383.2529530374,487426.2724941227,2779653.8562789946,28.479158401489258
BG,1,1,2,0,1,0,24,462897.0549037318,462931.47053660004,760216.2118573163,48.492876291275024
BG,1,1,2,0,1,1,24,451793.85571713786,451836.8722790771,228600.493793148,96.08799004554749
BG,1,1,2,1,0,0,24,461721.58019579935,461764.59998506674,1641986.0659380793,63.00605750083923
BG,1,1,2,1,0,1,24,452184.7516035257,452236.3750528281,898311.2813357611,156.80927276611328
BG,1,1,2,1,1,0,24,459179.9004129395,459222.9172232087,783718.167642733,192.1439859867096
BG,1,1,2,1,1,1,24,449594.2847322711,449645.9046065982,428603.1300706968,227.35939598083496
BG,2,0,0,0,0,0,24,513839.5752493304,513865.3889092254,20117640.22917396,2.4878625869750977
BG,2,0,0,0,0,1,24,489648.9513780066,489683.36730868963,19989912.743023098,52.926798582077026
BG,2,0,0,0,1,0,24,462088.63564131426,462114.4475148747,655143.2361345486,11.269133567810059
BG,2,0,0,0,1,1,24,451457.2838516434,451491.6973991871,711285.4395622765,107.27379727363586
BG,2,0,0,1,0,0,24,461605.09593386203,461639.5117652759,16931415.773918904,54.59689378738403
BG,2,0,0,1,0,1,24,451679.04755362915,451722.06734289654,2523237.065341082,61.30050277709961
BG,2,0,0,1,1,0,24,458161.30809581565,458195.72154403105,663823.1059074745,48.79147028923035
BG,2,0,0,1,1,1,24,449222.77658398566,449265.79339425487,702513.577217787,120.888592004776
BG,2,0,1,0,0,0,24,508886.9193544746,508921.33756766794,19879956.918720774,3.677001714706421
BG,2,0,1,0,0,1,24,488029.2347739697,488072.2545632371,19838086.575977944,89.87718176841736
BG,2,0,1,0,1,0,24,462020.3252087223,462054.7410401362,656907.717576011,12.917333602905273
BG,2,0,1,0,1,1,24,451003.46992227685,451046.48673254607,710971.4192161288,93.77759981155396
BG,2,0,1,1,0,0,24,461474.8860399424,461517.9058292098,19148611.744273037,54.47958183288574
BG,2,0,1,1,0,1,24,451236.4865910371,451288.1103381579,2634309.0171939945,84.17606377601624
BG,2,0,1,1,1,0,24,457952.7268348782,457995.7436451474,665115.9907963036,72.13904666900635
BG,2,0,1,1,1,1,24,448942.0067786909,448993.626951014,703107.1759868809,160.7284550666809
BG,2,0,2,0,0,0,24,507765.91329435084,507808.9359368269,19742065.288099684,4.538567781448364
BG,2,0,2,0,0,1,24,487296.49170267367,487348.11530088715,19727899.38000742,88.50769305229187
BG,2,0,2,0,1,0,24,461803.2968566949,461846.3165218728,653472.8004028072,23.198793649673462
BG,2,0,2,0,1,1,24,450696.8285455882,450748.44856891513,710875.8830894845,173.39128828048706
BG,2,0,2,1,0,0,24,478173.0487964087,478224.67254352954,2318043.159001339,170.28579950332642
BG,2,0,2,1,0,1,24,477470.00022730435,477530.2277585534,3818318.2713854616,359.5724890232086
BG,2,0,2,1,1,0,24,457670.13491459074,457721.7550869138,662513.6226986237,106.31523513793945
BG,2,0,2,1,1,1,24,448678.9832217151,448739.20658226317,702734.5550088926,270.3014941215515
BG,2,1,0,0,0,0,24,506959.18108723697,506984.9946727226,2233600.4620600687,2.3201844692230225
BG,2,1,0,0,0,1,24,487322.98152415256,487357.39735556644,2648360.5209129173,22.151386976242065
BG,2,1,0,0,1,0,24,464120.0552274991,464145.8670266058,4220807.5078331055,4.263897657394409
BG,2,1,0,0,1,1,24,451881.10636819835,451915.51981641375,413355.0736953686,51.631736755371094
BG,2,1,0,1,0,0,24,461811.9525083688,461846.3682405111,1833118.533675075,26.645212173461914
BG,2,1,0,1,0,1,24,452063.5183876154,452106.5380527933,834062.0483833257,56.146544218063354
BG,2,1,0,1,1,0,24,459638.08885688893,459672.50220577355,10842695.647468718,61.08507537841797
BG,2,1,0,1,1,1,24,450016.51450149465,450059.5311876004,629060.0898948208,110.72931933403015
BG,2,1,1,0,0,0,24,501750.0524330706,501784.47054705146,955347.9907838485,9.762040853500366
BG,2,1,1,0,0,1,24,481127.90905911545,481170.92872429336,946158.234793384,50.75604486465454
BG,2,1,1,0,1,0,24,462105.43564010656,462139.85137224884,747833.9814164131,63.579427003860474
BG,2,1,1,0,1,1,24,449969.3887349997,450012.40542110545,580571.9106299902,119.62880229949951
BG,2,1,1,1,0,0,24,459559.58038948564,459602.60005466355,936436.6475503513,89.56659436225891
BG,2,1,1,1,0,1,24,452411.6140112431,452463.2376094566,886302.9510985247,273.0858838558197
BG,2,1,1,1,1,0,24,458439.260982188,458482.27766829374,775402.5672789512,304.6529703140259
BG,2,1,1,1,1,1,24,448185.68112686963,448237.3011501966,297925.39278573013,195.04787921905518
BG,2,1,2,0,0,0,24,500521.211910152,500564.2344286094,971476.1154777003,9.671804904937744
BG,2,1,2,0,0,1,24,481024.9540254759,481076.5774747783,953933.1544671161,54.49009966850281
BG,2,1,2,0,1,0,24,462428.3137275482,462471.33326863346,28305752.39288415,33.49883055686951
BG,2,1,2,0,1,1,24,449957.4289321828,450009.0488065099,569363.005679632,134.9957790374756
BG,2,1,2,1,0,0,24,459514.475458651,459566.0990568645,938903.5123942498,154.55323314666748
BG,2,1,2,1,0,1,24,466878.56866120733,466938.7960187268,670933.2072901346,340.51471066474915
BG,2,1,2,1,1,0,24,457848.6113455117,457900.23136883863,35029486.69218878,141.23094177246094
BG,2,1,2,1,1,1,24,448176.79708753544,448237.02027425036,299126.0710468772,142.48553252220154
