timestamp,y_true,yhat,residual,z_resid,flag_z,cusum_plus,cusum_minus,flag_cusum
2020-08-21 08:00:00+00:00,7521.0,7672.0,-151.0,,0,0.0,0.0,0
2020-08-21 09:00:00+00:00,7588.0,7790.0,-202.0,,0,0.0,0.0,0
2020-08-21 10:00:00+00:00,7356.0,7568.0,-212.0,,0,0.0,0.0,0
2020-08-21 11:00:00+00:00,7191.0,7455.0,-264.0,,0,0.0,0.0,0
2020-08-21 12:00:00+00:00,7039.0,7337.0,-298.0,,0,0.0,0.0,0
2020-08-21 13:00:00+00:00,6951.0,7284.0,-333.0,,0,0.0,0.0,0
2020-08-21 14:00:00+00:00,6889.0,7239.0,-350.0,,0,0.0,0.0,0
2020-08-21 15:00:00+00:00,6930.0,7238.0,-308.0,,0,0.0,0.0,0
2020-08-21 16:00:00+00:00,6903.0,7229.0,-326.0,,0,0.0,0.0,0
2020-08-21 17:00:00+00:00,6772.0,7100.0,-328.0,,0,0.0,0.0,0
2020-08-21 18:00:00+00:00,6560.0,6895.0,-335.0,,0,0.0,0.0,0
2020-08-21 19:00:00+00:00,6206.0,6516.0,-310.0,,0,0.0,0.0,0
2020-08-21 20:00:00+00:00,5952.0,6209.0,-257.0,,0,0.0,0.0,0
2020-08-21 21:00:00+00:00,5499.0,5680.0,-181.0,,0,0.0,0.0,0
2020-08-21 22:00:00+00:00,5097.0,5394.0,-297.0,,0,0.0,0.0,0
2020-08-21 23:00:00+00:00,4772.0,5095.0,-323.0,,0,0.0,0.0,0
2020-08-22 00:00:00+00:00,4662.0,4984.0,-322.0,,0,0.0,0.0,0
2020-08-22 01:00:00+00:00,4476.0,4866.0,-390.0,,0,0.0,0.0,0
2020-08-22 02:00:00+00:00,4460.0,4944.0,-484.0,,0,0.0,0.0,0
2020-08-22 03:00:00+00:00,4616.0,5403.0,-787.0,,0,0.0,0.0,0
2020-08-22 04:00:00+00:00,4944.0,6174.0,-1230.0,,0,0.0,0.0,0
2020-08-22 05:00:00+00:00,5359.0,6853.0,-1494.0,,0,0.0,0.0,0
2020-08-22 06:00:00+00:00,5725.0,7263.0,-1538.0,,0,0.0,0.0,0
2020-08-22 07:00:00+00:00,5970.0,7416.0,-1446.0,,0,0.0,0.0,0
2020-08-22 08:00:00+00:00,6125.0,7521.0,-1396.0,,0,0.0,0.0,0
2020-08-22 09:00:00+00:00,6243.0,7588.0,-1345.0,,0,0.0,0.0,0
2020-08-22 10:00:00+00:00,6050.0,7356.0,-1306.0,,0,0.0,0.0,0
2020-08-22 11:00:00+00:00,5950.0,7191.0,-1241.0,,0,0.0,0.0,0
2020-08-22 12:00:00+00:00,5874.0,7039.0,-1165.0,,0,0.0,0.0,0
2020-08-22 13:00:00+00:00,5810.0,6951.0,-1141.0,,0,0.0,0.0,0
2020-08-22 14:00:00+00:00,5807.0,6889.0,-1082.0,,0,0.0,0.0,0
2020-08-22 15:00:00+00:00,5907.0,6930.0,-1023.0,,0,0.0,0.0,0
2020-08-22 16:00:00+00:00,5908.0,6903.0,-995.0,,0,0.0,0.0,0
2020-08-22 17:00:00+00:00,5816.0,6772.0,-956.0,,0,0.0,0.0,0
2020-08-22 18:00:00+00:00,5748.0,6560.0,-812.0,,0,0.0,0.0,0
2020-08-22 19:00:00+00:00,5563.0,6206.0,-643.0,,0,0.0,0.0,0
2020-08-22 20:00:00+00:00,5410.0,5952.0,-542.0,,0,0.0,0.0,0
2020-08-22 21:00:00+00:00,5004.0,5499.0,-495.0,,0,0.0,0.0,0
2020-08-22 22:00:00+00:00,4792.0,5097.0,-305.0,,0,0.0,0.0,0
2020-08-22 23:00:00+00:00,4495.0,4772.0,-277.0,,0,0.0,0.0,0
2020-08-23 00:00:00+00:00,4391.0,4662.0,-271.0,,0,0.0,0.0,0
2020-08-23 01:00:00+00:00,4302.0,4476.0,-174.0,,0,0.0,0.0,0
2020-08-23 02:00:00+00:00,4264.0,4460.0,-196.0,,0,0.0,0.0,0
2020-08-23 03:00:00+00:00,4338.0,4616.0,-278.0,,0,0.0,0.0,0
2020-08-23 04:00:00+00:00,4523.0,4944.0,-421.0,,0,0.0,0.0,0
2020-08-23 05:00:00+00:00,4836.0,5359.0,-523.0,,0,0.0,0.0,0
2020-08-23 06:00:00+00:00,5121.0,5725.0,-604.0,,0,0.0,0.0,0
2020-08-23 07:00:00+00:00,5449.0,5970.0,-521.0,,0,0.0,0.0,0
2020-08-23 08:00:00+00:00,5699.0,6125.0,-426.0,,0,0.0,0.0,0
2020-08-23 09:00:00+00:00,6009.0,6243.0,-234.0,,0,0.0,0.0,0
2020-08-23 10:00:00+00:00,5865.0,6050.0,-185.0,,0,0.0,0.0,0
2020-08-23 11:00:00+00:00,5706.0,5950.0,-244.0,,0,0.0,0.0,0
2020-08-23 12:00:00+00:00,5554.0,5874.0,-320.0,,0,0.0,0.0,0
2020-08-23 13:00:00+00:00,5470.0,5810.0,-340.0,,0,0.0,0.0,0
2020-08-23 14:00:00+00:00,5469.0,5807.0,-338.0,,0,0.0,0.0,0
2020-08-23 15:00:00+00:00,5568.0,5907.0,-339.0,,0,0.0,0.0,0
2020-08-23 16:00:00+00:00,5724.0,5908.0,-184.0,,0,0.0,0.0,0
2020-08-23 17:00:00+00:00,5731.0,5816.0,-85.0,,0,0.0,0.0,0
2020-08-23 18:00:00+00:00,5747.0,5748.0,-1.0,,0,0.0,0.0,0
2020-08-23 19:00:00+00:00,5582.0,5563.0,19.0,,0,0.0,0.0,0
2020-08-23 20:00:00+00:00,5494.0,5410.0,84.0,,0,0.0,0.0,0
2020-08-23 21:00:00+00:00,5138.0,5004.0,134.0,,0,0.0,0.0,0
2020-08-23 22:00:00+00:00,4966.0,4792.0,174.0,,0,0.0,0.0,0
2020-08-23 23:00:00+00:00,4743.0,4495.0,248.0,,0,0.0,0.0,0
2020-08-24 00:00:00+00:00,4661.0,4391.0,270.0,,0,0.0,0.0,0
2020-08-24 01:00:00+00:00,4562.0,4302.0,260.0,,0,0.0,0.0,0
2020-08-24 02:00:00+00:00,4684.0,4264.0,420.0,,0,0.0,0.0,0
2020-08-24 03:00:00+00:00,5229.0,4338.0,891.0,,0,0.0,0.0,0
2020-08-24 04:00:00+00:00,6193.0,4523.0,1670.0,,0,0.0,0.0,0
2020-08-24 05:00:00+00:00,6992.0,4836.0,2156.0,,0,0.0,0.0,0
2020-08-24 06:00:00+00:00,7432.0,5121.0,2311.0,,0,0.0,0.0,0
2020-08-24 07:00:00+00:00,7589.0,5449.0,2140.0,,0,0.0,0.0,0
2020-08-24 08:00:00+00:00,7706.0,5699.0,2007.0,,0,0.0,0.0,0
2020-08-24 09:00:00+00:00,7825.0,6009.0,1816.0,,0,0.0,0.0,0
2020-08-24 10:00:00+00:00,7615.0,5865.0,1750.0,,0,0.0,0.0,0
2020-08-24 11:00:00+00:00,7538.0,5706.0,1832.0,,0,0.0,0.0,0
2020-08-24 12:00:00+00:00,7398.0,5554.0,1844.0,,0,0.0,0.0,0
2020-08-24 13:00:00+00:00,7337.0,5470.0,1867.0,,0,0.0,0.0,0
2020-08-24 14:00:00+00:00,7278.0,5469.0,1809.0,,0,0.0,0.0,0
2020-08-24 15:00:00+00:00,7274.0,5568.0,1706.0,,0,0.0,0.0,0
2020-08-24 16:00:00+00:00,7257.0,5724.0,1533.0,,0,0.0,0.0,0
2020-08-24 17:00:00+00:00,7061.0,5731.0,1330.0,,0,0.0,0.0,0
2020-08-24 18:00:00+00:00,6849.0,5747.0,1102.0,,0,0.0,0.0,0
2020-08-24 19:00:00+00:00,6443.0,5582.0,861.0,,0,0.0,0.0,0
2020-08-24 20:00:00+00:00,6113.0,5494.0,619.0,,0,0.0,0.0,0
2020-08-24 21:00:00+00:00,5605.0,5138.0,467.0,,0,0.0,0.0,0
2020-08-24 22:00:00+00:00,5278.0,4966.0,312.0,,0,0.0,0.0,0
2020-08-24 23:00:00+00:00,5006.0,4743.0,263.0,,0,0.0,0.0,0
2020-08-25 00:00:00+00:00,4980.0,4661.0,319.0,,0,0.0,0.0,0
2020-08-25 01:00:00+00:00,4875.0,4562.0,313.0,,0,0.0,0.0,0
2020-08-25 02:00:00+00:00,4979.0,4684.0,295.0,,0,0.0,0.0,0
2020-08-25 03:00:00+00:00,5395.0,5229.0,166.0,,0,0.0,0.0,0
2020-08-25 04:00:00+00:00,6237.0,6193.0,44.0,,0,0.0,0.0,0
2020-08-25 05:00:00+00:00,6952.0,6992.0,-40.0,,0,0.0,0.0,0
2020-08-25 06:00:00+00:00,7319.0,7432.0,-113.0,,0,0.0,0.0,0
2020-08-25 07:00:00+00:00,7424.0,7589.0,-165.0,,0,0.0,0.0,0
2020-08-25 08:00:00+00:00,7524.0,7706.0,-182.0,,0,0.0,0.0,0
2020-08-25 09:00:00+00:00,7632.0,7825.0,-193.0,,0,0.0,0.0,0
2020-08-25 10:00:00+00:00,7406.0,7615.0,-209.0,,0,0.0,0.0,0
2020-08-25 11:00:00+00:00,7334.0,7538.0,-204.0,,0,0.0,0.0,0
2020-08-25 12:00:00+00:00,7216.0,7398.0,-182.0,,0,0.0,0.0,0
2020-08-25 13:00:00+00:00,7159.0,7337.0,-178.0,,0,0.0,0.0,0
2020-08-25 14:00:00+00:00,7082.0,7278.0,-196.0,,0,0.0,0.0,0
2020-08-25 15:00:00+00:00,7116.0,7274.0,-158.0,,0,0.0,0.0,0
2020-08-25 16:00:00+00:00,7137.0,7257.0,-120.0,,0,0.0,0.0,0
2020-08-25 17:00:00+00:00,6990.0,7061.0,-71.0,,0,0.0,0.0,0
2020-08-25 18:00:00+00:00,6816.0,6849.0,-33.0,,0,0.0,0.0,0
2020-08-25 19:00:00+00:00,6401.0,6443.0,-42.0,,0,0.0,0.0,0
2020-08-25 20:00:00+00:00,6073.0,6113.0,-40.0,,0,0.0,0.0,0
2020-08-25 21:00:00+00:00,5641.0,5605.0,36.0,,0,0.0,0.0,0
2020-08-25 22:00:00+00:00,5326.0,5278.0,48.0,,0,0.0,0.0,0
2020-08-25 23:00:00+00:00,5132.0,5006.0,126.0,,0,0.0,0.0,0
2020-08-26 00:00:00+00:00,5034.0,4980.0,54.0,,0,0.0,0.0,0
2020-08-26 01:00:00+00:00,4928.0,4875.0,53.0,,0,0.0,0.0,0
2020-08-26 02:00:00+00:00,5023.0,4979.0,44.0,,0,0.0,0.0,0
2020-08-26 03:00:00+00:00,5460.0,5395.0,65.0,,0,0.0,0.0,0
2020-08-26 04:00:00+00:00,6380.0,6237.0,143.0,,0,0.0,0.0,0
2020-08-26 05:00:00+00:00,7118.0,6952.0,166.0,,0,0.0,0.0,0
2020-08-26 06:00:00+00:00,7482.0,7319.0,163.0,,0,0.0,0.0,0
2020-08-26 07:00:00+00:00,7562.0,7424.0,138.0,,0,0.0,0.0,0
2020-08-26 08:00:00+00:00,7651.0,7524.0,127.0,,0,0.0,0.0,0
2020-08-26 09:00:00+00:00,7802.0,7632.0,170.0,,0,0.0,0.0,0
2020-08-26 10:00:00+00:00,7576.0,7406.0,170.0,,0,0.0,0.0,0
2020-08-26 11:00:00+00:00,7487.0,7334.0,153.0,,0,0.0,0.0,0
2020-08-26 12:00:00+00:00,7390.0,7216.0,174.0,,0,0.0,0.0,0
2020-08-26 13:00:00+00:00,7330.0,7159.0,171.0,,0,0.0,0.0,0
2020-08-26 14:00:00+00:00,7302.0,7082.0,220.0,,0,0.0,0.0,0
2020-08-26 15:00:00+00:00,7251.0,7116.0,135.0,,0,0.0,0.0,0
2020-08-26 16:00:00+00:00,7239.0,7137.0,102.0,,0,0.0,0.0,0
2020-08-26 17:00:00+00:00,7145.0,6990.0,155.0,,0,0.0,0.0,0
2020-08-26 18:00:00+00:00,6956.0,6816.0,140.0,,0,0.0,0.0,0
2020-08-26 19:00:00+00:00,6538.0,6401.0,137.0,,0,0.0,0.0,0
2020-08-26 20:00:00+00:00,6229.0,6073.0,156.0,,0,0.0,0.0,0
2020-08-26 21:00:00+00:00,5777.0,5641.0,136.0,,0,0.0,0.0,0
2020-08-26 22:00:00+00:00,5466.0,5326.0,140.0,,0,0.0,0.0,0
2020-08-26 23:00:00+00:00,5116.0,5132.0,-16.0,,0,0.0,0.0,0
2020-08-27 00:00:00+00:00,5079.0,5034.0,45.0,,0,0.0,0.0,0
2020-08-27 01:00:00+00:00,4986.0,4928.0,58.0,,0,0.0,0.0,0
2020-08-27 02:00:00+00:00,5084.0,5023.0,61.0,,0,0.0,0.0,0
2020-08-27 03:00:00+00:00,5564.0,5460.0,104.0,,0,0.0,0.0,0
2020-08-27 04:00:00+00:00,6382.0,6380.0,2.0,,0,0.0,0.0,0
2020-08-27 05:00:00+00:00,7114.0,7118.0,-4.0,,0,0.0,0.0,0
2020-08-27 06:00:00+00:00,7511.0,7482.0,29.0,,0,0.0,0.0,0
2020-08-27 07:00:00+00:00,7641.0,7562.0,79.0,,0,0.0,0.0,0
2020-08-27 08:00:00+00:00,7719.0,7651.0,68.0,,0,0.0,0.0,0
2020-08-27 09:00:00+00:00,7812.0,7802.0,10.0,,0,0.0,0.0,0
2020-08-27 10:00:00+00:00,7601.0,7576.0,25.0,,0,0.0,0.0,0
2020-08-27 11:00:00+00:00,7490.0,7487.0,3.0,,0,0.0,0.0,0
2020-08-27 12:00:00+00:00,7355.0,7390.0,-35.0,,0,0.0,0.0,0
2020-08-27 13:00:00+00:00,7295.0,7330.0,-35.0,,0,0.0,0.0,0
2020-08-27 14:00:00+00:00,7243.0,7302.0,-59.0,,0,0.0,0.0,0
2020-08-27 15:00:00+00:00,7260.0,7251.0,9.0,,0,0.0,0.0,0
2020-08-27 16:00:00+00:00,7273.0,7239.0,34.0,,0,0.0,0.0,0
2020-08-27 17:00:00+00:00,7123.0,7145.0,-22.0,,0,0.0,0.0,0
2020-08-27 18:00:00+00:00,6982.0,6956.0,26.0,,0,0.0,0.0,0
2020-08-27 19:00:00+00:00,6539.0,6538.0,1.0,,0,0.0,0.0,0
2020-08-27 20:00:00+00:00,6189.0,6229.0,-40.0,,0,0.0,0.0,0
2020-08-27 21:00:00+00:00,5678.0,5777.0,-99.0,,0,0.0,0.0,0
2020-08-27 22:00:00+00:00,5424.0,5466.0,-42.0,,0,0.0,0.0,0
2020-08-27 23:00:00+00:00,5180.0,5116.0,64.0,,0,0.0,0.0,0
2020-08-28 00:00:00+00:00,5076.0,5079.0,-3.0,,0,0.0,0.0,0
2020-08-28 01:00:00+00:00,4954.0,4986.0,-32.0,,0,0.0,0.0,0
2020-08-28 02:00:00+00:00,5043.0,5084.0,-41.0,,0,0.0,0.0,0
2020-08-28 03:00:00+00:00,5535.0,5564.0,-29.0,,0,0.0,0.0,0
2020-08-28 04:00:00+00:00,6373.0,6382.0,-9.0,,0,0.0,0.0,0
2020-08-28 05:00:00+00:00,7091.0,7114.0,-23.0,,0,0.0,0.0,0
2020-08-28 06:00:00+00:00,7498.0,7511.0,-13.0,,0,0.0,0.0,0
2020-08-28 07:00:00+00:00,7633.0,7641.0,-8.0,-0.02642538804831479,0,0.0,0.0,0
2020-08-28 08:00:00+00:00,7728.0,7719.0,9.0,-0.0021206983932344926,0,0.0,0.0,0
2020-08-28 09:00:00+00:00,7826.0,7812.0,14.0,0.00503248311406223,0,0.0,0.0,0
2020-08-28 10:00:00+00:00,7576.0,7601.0,-25.0,-0.050894778225633264,0,0.0,0.0,0
2020-08-28 11:00:00+00:00,7408.0,7490.0,-82.0,-0.13270178200063776,0,0.0,0.0,0
2020-08-28 12:00:00+00:00,7275.0,7355.0,-80.0,-0.1294294159306146,0,0.0,0.0,0
2020-08-28 13:00:00+00:00,7198.0,7295.0,-97.0,-0.1536348409631278,0,0.0,0.0,0
2020-08-28 14:00:00+00:00,7159.0,7243.0,-84.0,-0.13433592305437334,0,0.0,0.0,0
2020-08-28 15:00:00+00:00,7216.0,7260.0,-44.0,-0.07577440385971111,0,0.0,0.0,0
2020-08-28 16:00:00+00:00,7208.0,7273.0,-65.0,-0.10619012170266583,0,0.0,0.0,0
2020-08-28 17:00:00+00:00,7050.0,7123.0,-73.0,-0.11759102460921024,0,0.0,0.0,0
2020-08-28 18:00:00+00:00,6867.0,6982.0,-115.0,-0.1788589495146508,0,0.0,0.0,0
2020-08-28 19:00:00+00:00,6437.0,6539.0,-102.0,-0.15923038516263996,0,0.0,0.0,0
2020-08-28 20:00:00+00:00,6106.0,6189.0,-83.0,-0.13076104401122737,0,0.0,0.0,0
2020-08-28 21:00:00+00:00,5612.0,5678.0,-66.0,-0.10525587731292375,0,0.0,0.0,0
2020-08-28 22:00:00+00:00,5131.0,5424.0,-293.0,-0.4414066084777402,0,0.0,0.0,0
2020-08-28 23:00:00+00:00,4821.0,5180.0,-359.0,-0.5378905246554597,0,0.0,0.03789052465545972,0
2020-08-29 00:00:00+00:00,4694.0,5076.0,-382.0,-0.5701912204871481,0,0.0,0.10808174514260782,0
2020-08-29 01:00:00+00:00,4615.0,4954.0,-339.0,-0.5041543296861255,0,0.0,0.11223607482873332,0
2020-08-29 02:00:00+00:00,4599.0,5043.0,-444.0,-0.6590298778680677,0,0.0,0.271265952696801,0
2020-08-29 03:00:00+00:00,4791.0,5535.0,-744.0,-1.1029004816153178,0,0.0,0.8741664343121189,0
2020-08-29 04:00:00+00:00,4996.0,6373.0,-1377.0,-2.02477047725041,0,0.0,2.398936911562529,0
2020-08-29 05:00:00+00:00,5434.0,7091.0,-1657.0,-2.39749035260007,0,0.0,4.296427264162599,0
2020-08-29 06:00:00+00:00,5781.0,7498.0,-1717.0,-2.439793650760965,0,0.0,6.236220914923564,1
2020-08-29 07:00:00+00:00,6063.0,7633.0,-1570.0,-2.1926711522977476,0,0.0,7.928892067221312,1
2020-08-29 08:00:00+00:00,6247.0,7728.0,-1481.0,-2.0371521781725037,0,0.0,9.466044245393816,1
2020-08-29 09:00:00+00:00,6416.0,7826.0,-1410.0,-1.91267800928395,0,0.0,10.878722254677765,1
2020-08-29 10:00:00+00:00,6274.0,7576.0,-1302.0,-1.7417450530222374,0,0.0,12.120467307700002,1
2020-08-29 11:00:00+00:00,6090.0,7408.0,-1318.0,-1.7458681600654333,0,0.0,13.366335467765435,1
2020-08-29 12:00:00+00:00,5959.0,7275.0,-1316.0,-1.725343831527976,0,0.0,14.59167929929341,1
2020-08-29 13:00:00+00:00,5961.0,7198.0,-1237.0,-1.6008490857509257,0,0.0,15.692528385044337,1
2020-08-29 14:00:00+00:00,5971.0,7159.0,-1188.0,-1.520149569597789,0,0.0,16.712677954642125,1
2020-08-29 15:00:00+00:00,6046.0,7216.0,-1170.0,-1.4832685170565032,0,0.0,17.695946471698626,1
2020-08-29 16:00:00+00:00,6019.0,7208.0,-1189.0,-1.4971713760372196,0,0.0,18.693117847735845,1
2020-08-29 17:00:00+00:00,5904.0,7050.0,-1146.0,-1.4273109923790956,0,0.0,19.62042884011494,1
2020-08-29 18:00:00+00:00,5815.0,6867.0,-1052.0,-1.2901352674023847,0,0.0,20.410564107517324,1
2020-08-29 19:00:00+00:00,5542.0,6437.0,-895.0,-1.0700104790437284,0,0.0,20.98057458656105,1
2020-08-29 20:00:00+00:00,5397.0,6106.0,-709.0,-0.8127315785246685,0,0.0,21.29330616508572,1
2020-08-29 21:00:00+00:00,5008.0,5612.0,-604.0,-0.666895934190456,0,0.0,21.460202099276177,1
2020-08-29 22:00:00+00:00,4767.0,5131.0,-364.0,-0.3375681111655817,0,0.0,21.297770210441758,1
2020-08-29 23:00:00+00:00,4499.0,4821.0,-322.0,-0.27924730105059176,0,0.0,21.07701751149235,1
2020-08-30 00:00:00+00:00,4404.0,4694.0,-290.0,-0.23467349963691975,0,0.0,20.81169101112927,1
2020-08-30 01:00:00+00:00,4254.0,4615.0,-361.0,-0.33160403561530344,0,0.0,20.643295046744573,1
2020-08-30 02:00:00+00:00,4237.0,4599.0,-362.0,-0.33211064109943406,0,0.0,20.475405687844006,1
2020-08-30 03:00:00+00:00,4413.0,4791.0,-378.0,-0.35330811472446144,0,0.0,20.32871380256847,1
2020-08-30 04:00:00+00:00,4598.0,4996.0,-398.0,-0.3800130783783617,0,0.0,20.20872688094683,1
2020-08-30 05:00:00+00:00,4872.0,5434.0,-562.0,-0.6058887938266396,0,0.0,20.31461567477347,1
2020-08-30 06:00:00+00:00,5215.0,5781.0,-566.0,-0.6095043615582376,0,0.0,20.424120036331708,1
2020-08-30 07:00:00+00:00,5536.0,6063.0,-527.0,-0.5534910198611144,0,0.0,20.47761105619282,1
2020-08-30 08:00:00+00:00,5790.0,6247.0,-457.0,-0.45454187427278286,0,0.0,20.4321529304656,1
2020-08-30 09:00:00+00:00,6027.0,6416.0,-389.0,-0.3585457610862368,0,0.0,20.29069869155184,1
2020-08-30 10:00:00+00:00,5862.0,6274.0,-412.0,-0.3897402310927909,0,0.0,20.18043892264463,1
2020-08-30 11:00:00+00:00,5739.0,6090.0,-351.0,-0.303367574700762,0,0.0,19.98380649734539,1
2020-08-30 12:00:00+00:00,5599.0,5959.0,-360.0,-0.3152421781391027,0,0.0,19.799048675484492,1
2020-08-30 13:00:00+00:00,5568.0,5961.0,-393.0,-0.36083388890288587,0,0.0,19.659882564387377,1
2020-08-30 14:00:00+00:00,5618.0,5971.0,-353.0,-0.3036028396662325,0,0.0,19.46348540405361,1
2020-08-30 15:00:00+00:00,5704.0,6046.0,-342.0,-0.2873426633840209,0,0.0,19.25082806743763,1
2020-08-30 16:00:00+00:00,5840.0,6019.0,-179.0,-0.05608263796640401,0,0.0,18.806910705404036,1
2020-08-30 17:00:00+00:00,5837.0,5904.0,-67.0,0.10285898032784983,0,0.0,18.204051725076187,1
2020-08-30 18:00:00+00:00,5788.0,5815.0,-27.0,0.15947140553499298,0,0.0,17.544580319541193,1
2020-08-30 19:00:00+00:00,5496.0,5542.0,-46.0,0.13205664091747613,0,0.0,16.912523678623717,1
2020-08-30 20:00:00+00:00,5424.0,5397.0,27.0,0.2359387078455086,0,0.0,16.176584970778208,1
2020-08-30 21:00:00+00:00,5066.0,5008.0,58.0,0.2797204422525812,0,0.0,15.396864528525628,1
2020-08-30 22:00:00+00:00,5054.0,4767.0,287.0,0.6068437321219787,0,0.10684373212197873,14.290020796403649,1
2020-08-30 23:00:00+00:00,4801.0,4499.0,302.0,0.6265333855688003,0,0.23337711769077907,13.163487410834849,1
2020-08-31 00:00:00+00:00,4712.0,4404.0,308.0,0.6332657039138737,0,0.3666428216046528,12.030221706920974,1
2020-08-31 01:00:00+00:00,4668.0,4254.0,414.0,0.7834137567129623,0,0.6500565783176151,10.746807950208012,1
2020-08-31 02:00:00+00:00,4809.0,4237.0,572.0,1.007106716595451,0,1.1571632949130661,9.23970123361256,1
2020-08-31 03:00:00+00:00,5326.0,4413.0,913.0,1.4889730722452257,0,2.1461363671582916,7.250728161367335,1
2020-08-31 04:00:00+00:00,6292.0,4598.0,1694.0,2.57074385766233,0,4.216880224820621,4.179984303705005,0
2020-08-31 05:00:00+00:00,7058.0,4872.0,2186.0,3.192310182078869,1,6.909190406899491,0.48767412162613644,1
2020-08-31 06:00:00+00:00,7483.0,5215.0,2268.0,3.2264391088795685,1,9.635629515779058,0.0,1
2020-08-31 07:00:00+00:00,7620.0,5536.0,2084.0,2.9154422566438667,0,12.051071772422926,0.0,1
2020-08-31 08:00:00+00:00,7762.0,5790.0,1972.0,2.7162646616669925,0,14.267336434089918,0.0,1
2020-08-31 09:00:00+00:00,7929.0,6027.0,1902.0,2.5814439241100047,0,16.348780358199924,0.0,1
2020-08-31 10:00:00+00:00,7771.0,5862.0,1909.0,2.550180555828471,0,18.398960914028397,0.0,1
2020-08-31 11:00:00+00:00,7701.0,5739.0,1962.0,2.577348077103889,0,20.476308991132285,0.0,1
2020-08-31 12:00:00+00:00,7597.0,5599.0,1998.0,2.5819208382155603,0,22.558229829347844,0.0,1
2020-08-31 13:00:00+00:00,7492.0,5568.0,1924.0,2.4524961302940227,0,24.510725959641867,0.0,1
2020-08-31 14:00:00+00:00,7395.0,5618.0,1777.0,2.2406272322305276,0,26.251353191872393,0.0,1
2020-08-31 15:00:00+00:00,7362.0,5704.0,1658.0,2.0704428799652392,0,27.821796071837632,0.0,1
2020-08-31 16:00:00+00:00,7359.0,5840.0,1519.0,1.881648326842892,0,29.203444398680524,0.0,1
2020-08-31 17:00:00+00:00,7227.0,5837.0,1390.0,1.7098365156286028,0,30.413280914309127,0.0,1
2020-08-31 18:00:00+00:00,7007.0,5788.0,1219.0,1.4912546614133784,0,31.404535575722505,0.0,1
2020-08-31 19:00:00+00:00,6521.0,5496.0,1025.0,1.248455629229751,0,32.15299120495226,0.0,1
2020-08-31 20:00:00+00:00,6176.0,5424.0,752.0,0.9128321248238442,0,32.5658233297761,0.0,1
2020-08-31 21:00:00+00:00,5691.0,5066.0,625.0,0.7558493425962003,0,32.8216726723723,0.0,1
2020-08-31 22:00:00+00:00,5353.0,5054.0,299.0,0.35778122210058805,0,32.67945389447289,0.0,1
2020-08-31 23:00:00+00:00,5067.0,4801.0,266.0,0.3168160088144152,0,32.496269903287306,0.0,1
2020-09-01 00:00:00+00:00,4989.0,4712.0,277.0,0.32955700457228837,0,32.32582690785959,0.0,1
2020-09-01 01:00:00+00:00,4890.0,4668.0,222.0,0.2616387322460045,0,32.0874656401056,0.0,1
2020-09-01 02:00:00+00:00,4957.0,4809.0,148.0,0.1704832955784491,0,31.75794893568405,0.0,1
2020-09-01 03:00:00+00:00,5500.0,5326.0,174.0,0.2020479905564445,0,31.459996926240493,0.0,1
2020-09-01 04:00:00+00:00,6467.0,6292.0,175.0,0.20287542656880084,0,31.162872352809295,0.0,1
2020-09-01 05:00:00+00:00,7272.0,7058.0,214.0,0.25049874996101473,0,30.91337110277031,0.0,1
2020-09-01 06:00:00+00:00,7733.0,7483.0,250.0,0.2943993997555126,0,30.707770502525822,0.0,1
2020-09-01 07:00:00+00:00,7901.0,7620.0,281.0,0.33209497881843675,0,30.539865481344258,0.0,1
2020-09-01 08:00:00+00:00,8039.0,7762.0,277.0,0.326450884001253,0,30.36631636534551,0.0,1
2020-09-01 09:00:00+00:00,8133.0,7929.0,204.0,0.23526579213922605,0,30.10158215748474,0.0,1
2020-09-01 10:00:00+00:00,7884.0,7771.0,113.0,0.12174497086197919,0,29.723327128346718,0.0,1
2020-09-01 11:00:00+00:00,7776.0,7701.0,75.0,0.0742102687004791,0,29.297537397047197,0.0,1
2020-09-01 12:00:00+00:00,7658.0,7597.0,61.0,0.056610652296282954,0,28.85414804934348,0.0,1
2020-09-01 13:00:00+00:00,7597.0,7492.0,105.0,0.11148595985905334,0,28.46563400920253,0.0,1
2020-09-01 14:00:00+00:00,7478.0,7395.0,83.0,0.0837377402083173,0,28.04937174941085,0.0,1
2020-09-01 15:00:00+00:00,7424.0,7362.0,62.0,0.05724513644286938,0,27.606616885853718,0.0,1
2020-09-01 16:00:00+00:00,7401.0,7359.0,42.0,0.032009567725333324,0,27.13862645357905,0.0,1
2020-09-01 17:00:00+00:00,7254.0,7227.0,27.0,0.013068264416984257,0,26.651694717996033,0.0,1
2020-09-01 18:00:00+00:00,7010.0,7007.0,3.0,-0.017223977177720205,0,26.134470740818312,0.0,1
2020-09-01 19:00:00+00:00,6531.0,6521.0,10.0,-0.00834832230406203,0,25.62612241851425,0.0,1
2020-09-01 20:00:00+00:00,6162.0,6176.0,-14.0,-0.038712792900054284,0,25.087409625614196,0.0,1
2020-09-01 21:00:00+00:00,5669.0,5691.0,-22.0,-0.04878811217487148,0,24.538621513439324,0.0,1
2020-09-01 22:00:00+00:00,5330.0,5353.0,-23.0,-0.049971108545778346,0,23.988650404893544,0.0,1
2020-09-01 23:00:00+00:00,5046.0,5067.0,-21.0,-0.04733649944920851,0,23.441313905444336,0.0,1
2020-09-02 00:00:00+00:00,4962.0,4989.0,-27.0,-0.054902214498005475,0,22.88641169094633,0.0,1
2020-09-02 01:00:00+00:00,4848.0,4890.0,-42.0,-0.07396370370030901,0,22.31244798724602,0.0,1
2020-09-02 02:00:00+00:00,5018.0,4957.0,61.0,0.057961030371665896,0,21.870409017617686,0.0,1
2020-09-02 03:00:00+00:00,5494.0,5500.0,-6.0,-0.028023698758267594,0,21.342385318859417,0.0,1
2020-09-02 04:00:00+00:00,6461.0,6467.0,-6.0,-0.027974625913444948,0,20.814410692945973,0.0,1
2020-09-02 05:00:00+00:00,7238.0,7272.0,-34.0,-0.06394418053366625,0,20.250466512412306,0.0,1
2020-09-02 06:00:00+00:00,7577.0,7733.0,-156.0,-0.2210290317352934,0,19.52943748067701,0.0,1
2020-09-02 07:00:00+00:00,7685.0,7901.0,-216.0,-0.29804817116249993,0,18.731389309514512,0.0,1
2020-09-02 08:00:00+00:00,7771.0,8039.0,-268.0,-0.36467828627653753,0,17.866711023237976,0.0,1
2020-09-02 09:00:00+00:00,7887.0,8133.0,-246.0,-0.3354994955190889,0,17.031211527718888,0.0,1
2020-09-02 10:00:00+00:00,7673.0,7884.0,-211.0,-0.2894937603666987,0,16.24171776735219,0.0,1
2020-09-02 11:00:00+00:00,7605.0,7776.0,-171.0,-0.23702103463949115,0,15.504696732712699,0.0,1
2020-09-02 12:00:00+00:00,7487.0,7658.0,-171.0,-0.2365948448880509,0,14.768101887824647,0.0,1
2020-09-02 13:00:00+00:00,7404.0,7597.0,-193.0,-0.26483029557069193,0,14.003271592253956,0.0,1
2020-09-02 14:00:00+00:00,7326.0,7478.0,-152.0,-0.21085344716880594,0,13.29241814508515,0.0,1
2020-09-02 15:00:00+00:00,7322.0,7424.0,-102.0,-0.14512638370318232,0,12.647291761381968,0.0,1
2020-09-02 16:00:00+00:00,7270.0,7401.0,-131.0,-0.18284822821138966,0,11.964443533170579,0.0,1
2020-09-02 17:00:00+00:00,7171.0,7254.0,-83.0,-0.11957941860481815,0,11.34486411456576,0.0,1
2020-09-02 18:00:00+00:00,6968.0,7010.0,-42.0,-0.06551146637758447,0,10.779352648188176,0.0,1
2020-09-02 19:00:00+00:00,6450.0,6531.0,-81.0,-0.11672630147103238,0,10.162626346717143,0.0,1
2020-09-02 20:00:00+00:00,6103.0,6162.0,-59.0,-0.0875303706304387,0,9.575095976086704,0.0,1
2020-09-02 21:00:00+00:00,5596.0,5669.0,-73.0,-0.10586997286820712,0,8.969226003218497,0.0,1
2020-09-02 22:00:00+00:00,5306.0,5330.0,-24.0,-0.04088722804715374,0,8.428338775171342,0.0,1
2020-09-02 23:00:00+00:00,5091.0,5046.0,45.0,0.05059210695124659,0,7.978930882122588,0.0,1
2020-09-03 00:00:00+00:00,4992.0,4962.0,30.0,0.03060415483136841,0,7.509535036953956,0.0,1
2020-09-03 01:00:00+00:00,4893.0,4848.0,45.0,0.0504921271493071,0,7.060027164103263,0.0,1
2020-09-03 02:00:00+00:00,4988.0,5018.0,-30.0,-0.049443985697494086,0,6.510583178405769,0.0,1
2020-09-03 03:00:00+00:00,5469.0,5494.0,-25.0,-0.042695924518239114,0,5.96788725388753,0.0,1
2020-09-03 04:00:00+00:00,6436.0,6461.0,-25.0,-0.042626879802382896,0,5.425260374085147,0.0,1
2020-09-03 05:00:00+00:00,7202.0,7238.0,-36.0,-0.057275217860979916,0,4.867985156224167,0.0,0
2020-09-03 06:00:00+00:00,7556.0,7577.0,-21.0,-0.03708177813899227,0,4.330903378085175,0.0,0
2020-09-03 07:00:00+00:00,7635.0,7685.0,-50.0,-0.07594763343041017,0,3.7549557446547643,0.0,0
2020-09-03 08:00:00+00:00,7679.0,7771.0,-92.0,-0.13228885964855924,0,3.122666885006205,0.0,0
2020-09-03 09:00:00+00:00,7736.0,7887.0,-151.0,-0.2115103955104769,0,2.411156489495728,0.0,0
2020-09-03 10:00:00+00:00,7515.0,7673.0,-158.0,-0.22059867932847077,0,1.6905578101672574,0.0,0
2020-09-03 11:00:00+00:00,7451.0,7605.0,-154.0,-0.21483196444892677,0,0.9757258457183307,0.0,0
2020-09-03 12:00:00+00:00,7356.0,7487.0,-131.0,-0.1833712545794749,0,0.29235459113885576,0.0,0
2020-09-03 13:00:00+00:00,7260.0,7404.0,-144.0,-0.2006834068810468,0,0.0,0.0,0
2020-09-03 14:00:00+00:00,7199.0,7326.0,-127.0,-0.17729391991391164,0,0.0,0.0,0
2020-09-03 15:00:00+00:00,7222.0,7322.0,-100.0,-0.14032145963790613,0,0.0,0.0,0
2020-09-03 16:00:00+00:00,7250.0,7270.0,-20.0,-0.031219107904721478,0,0.0,0.0,0
2020-09-03 17:00:00+00:00,7158.0,7171.0,-13.0,-0.02162840410774316,0,0.0,0.0,0
2020-09-03 18:00:00+00:00,6958.0,6968.0,-10.0,-0.01749902412774937,0,0.0,0.0,0
2020-09-03 19:00:00+00:00,6444.0,6450.0,-6.0,-0.012002263706911872,0,0.0,0.0,0
2020-09-03 20:00:00+00:00,6088.0,6103.0,-15.0,-0.02431005631153527,0,0.0,0.0,0
2020-09-03 21:00:00+00:00,5605.0,5596.0,9.0,0.008648074889624779,0,0.0,0.0,0
2020-09-03 22:00:00+00:00,5406.0,5306.0,100.0,0.1336494670743959,0,0.0,0.0,0
2020-09-03 23:00:00+00:00,5112.0,5091.0,21.0,0.02474948196190967,0,0.0,0.0,0
2020-09-04 00:00:00+00:00,5008.0,4992.0,16.0,0.017821839878888482,0,0.0,0.0,0
2020-09-04 01:00:00+00:00,4895.0,4893.0,2.0,-0.0015269550074602778,0,0.0,0.0,0
2020-09-04 02:00:00+00:00,4998.0,4988.0,10.0,0.009533272819771316,0,0.0,0.0,0
2020-09-04 03:00:00+00:00,5478.0,5469.0,9.0,0.00813460113735444,0,0.0,0.0,0
2020-09-04 04:00:00+00:00,6327.0,6436.0,-109.0,-0.15547279133428932,0,0.0,0.0,0
2020-09-04 05:00:00+00:00,7032.0,7202.0,-170.0,-0.23991805534818308,0,0.0,0.0,0
2020-09-04 06:00:00+00:00,7386.0,7556.0,-170.0,-0.23954013464544943,0,0.0,0.0,0
2020-09-04 07:00:00+00:00,7450.0,7635.0,-185.0,-0.26004480791129686,0,0.0,0.0,0
2020-09-04 08:00:00+00:00,7501.0,7679.0,-178.0,-0.2501508642680327,0,0.0,0.0,0
2020-09-04 09:00:00+00:00,7577.0,7736.0,-159.0,-0.2238077181608201,0,0.0,0.0,0
2020-09-04 10:00:00+00:00,7352.0,7515.0,-163.0,-0.22960968626400005,0,0.0,0.0,0
2020-09-04 11:00:00+00:00,7216.0,7451.0,-235.0,-0.3302966515541394,0,0.0,0.0,0
2020-09-04 12:00:00+00:00,7115.0,7356.0,-241.0,-0.33894379823432946,0,0.0,0.0,0
2020-09-04 13:00:00+00:00,7054.0,7260.0,-206.0,-0.2906439465343571,0,0.0,0.0,0
2020-09-04 14:00:00+00:00,7015.0,7199.0,-184.0,-0.26066744939223613,0,0.0,0.0,0
2020-09-04 15:00:00+00:00,7074.0,7222.0,-148.0,-0.21107223887614557,0,0.0,0.0,0
2020-09-04 16:00:00+00:00,7127.0,7250.0,-123.0,-0.17702213322115043,0,0.0,0.0,0
2020-09-04 17:00:00+00:00,7043.0,7158.0,-115.0,-0.1667705889355149,0,0.0,0.0,0
2020-09-04 18:00:00+00:00,6798.0,6958.0,-160.0,-0.23048903132766238,0,0.0,0.0,0
2020-09-04 19:00:00+00:00,6316.0,6444.0,-128.0,-0.18652889116541096,0,0.0,0.0,0
2020-09-04 20:00:00+00:00,6017.0,6088.0,-71.0,-0.10757147176613556,0,0.0,0.0,0
2020-09-04 21:00:00+00:00,5546.0,5605.0,-59.0,-0.09129485459371821,0,0.0,0.0,0
2020-09-04 22:00:00+00:00,5203.0,5406.0,-203.0,-0.29326117052241896,0,0.0,0.0,0
2020-09-04 23:00:00+00:00,4870.0,5112.0,-242.0,-0.34823597774008924,0,0.0,0.0,0
2020-09-05 00:00:00+00:00,4850.0,5008.0,-158.0,-0.23138025520021316,0,0.0,0.0,0
2020-09-05 01:00:00+00:00,4707.0,4895.0,-188.0,-0.27432603465392813,0,0.0,0.0,0
2020-09-05 02:00:00+00:00,4693.0,4998.0,-305.0,-0.43914541052090117,0,0.0,0.0,0
2020-09-05 03:00:00+00:00,4888.0,5478.0,-590.0,-0.8400259471474633,0,0.0,0.34002594714746326,0
2020-09-05 04:00:00+00:00,5260.0,6327.0,-1067.0,-1.5113605150157094,0,0.0,1.3513864621631728,0
2020-09-05 05:00:00+00:00,5573.0,7032.0,-1459.0,-2.062516924848599,0,0.0,2.913903387011772,0
2020-09-05 06:00:00+00:00,5934.0,7386.0,-1452.0,-2.054611261540597,0,0.0,4.468514648552369,0
2020-09-05 07:00:00+00:00,6208.0,7450.0,-1242.0,-1.76317810757107,0,0.0,5.731692756123439,1
2020-09-05 08:00:00+00:00,6367.0,7501.0,-1134.0,-1.6154287049361915,0,0.0,6.847121461059631,1
2020-09-05 09:00:00+00:00,6534.0,7577.0,-1043.0,-1.4915597949591484,0,0.0,7.838681256018779,1
2020-09-05 10:00:00+00:00,6419.0,7352.0,-933.0,-1.3410072298794302,0,0.0,8.67968848589821,1
2020-09-05 11:00:00+00:00,6281.0,7216.0,-935.0,-1.3478595494805423,0,0.0,9.527548035378752,1
2020-09-05 12:00:00+00:00,6146.0,7115.0,-969.0,-1.3987581819400179,0,0.0,10.42630621731877,1
2020-09-05 13:00:00+00:00,6135.0,7054.0,-919.0,-1.330464893731573,0,0.0,11.256771111050343,1
2020-09-05 14:00:00+00:00,6157.0,7015.0,-858.0,-1.2462205992908988,0,0.0,12.002991710341242,1
2020-09-05 15:00:00+00:00,6246.0,7074.0,-828.0,-1.2056172782773114,0,0.0,12.708608988618552,1
2020-09-05 16:00:00+00:00,6191.0,7127.0,-936.0,-1.3605104913856059,0,0.0,13.569119480004158,1
2020-09-05 17:00:00+00:00,6106.0,7043.0,-937.0,-1.3621709328764662,0,0.0,14.431290412880625,1
2020-09-05 18:00:00+00:00,6008.0,6798.0,-790.0,-1.1524604041783995,0,0.0,15.083750817059023,1
2020-09-05 19:00:00+00:00,5666.0,6316.0,-650.0,-0.9524482087287703,0,0.0,15.536199025787795,1
2020-09-05 20:00:00+00:00,5477.0,6017.0,-540.0,-0.7953586566533353,0,0.0,15.83155768244113,1
2020-09-05 21:00:00+00:00,5081.0,5546.0,-465.0,-0.6884319505523168,0,0.0,16.019989632993447,1
2020-09-05 22:00:00+00:00,4804.0,5203.0,-399.0,-0.5936357475717206,0,0.0,16.113625380565168,1
2020-09-05 23:00:00+00:00,4525.0,4870.0,-345.0,-0.5161619855406362,0,0.0,16.129787366105806,1
2020-09-06 00:00:00+00:00,4418.0,4850.0,-432.0,-0.6394710224350983,0,0.0,16.269258388540905,1
2020-09-06 01:00:00+00:00,4293.0,4707.0,-414.0,-0.612482554361631,0,0.0,16.381740942902535,1
2020-09-06 02:00:00+00:00,4304.0,4693.0,-389.0,-0.5757879880922473,0,0.0,16.457528930994783,1
2020-09-06 03:00:00+00:00,4430.0,4888.0,-458.0,-0.6731493740395977,0,0.0,16.63067830503438,1
2020-09-06 04:00:00+00:00,4638.0,5260.0,-622.0,-0.9055021408333674,0,0.0,17.036180445867746,1
2020-09-06 05:00:00+00:00,4950.0,5573.0,-623.0,-0.9061808793381242,0,0.0,17.44236132520587,1
2020-09-06 06:00:00+00:00,5295.0,5934.0,-639.0,-0.9286940725840283,0,0.0,17.8710553977899,1
2020-09-06 07:00:00+00:00,5640.0,6208.0,-568.0,-0.8272624080073774,0,0.0,18.198317805797277,1
2020-09-06 08:00:00+00:00,5996.0,6367.0,-371.0,-0.5470945012392325,0,0.0,18.24541230703651,1
2020-09-06 09:00:00+00:00,6206.0,6534.0,-328.0,-0.48538591893968974,0,0.0,18.2307982259762,1
2020-09-06 10:00:00+00:00,6064.0,6419.0,-355.0,-0.5229532638480683,0,0.0,18.25375148982427,1
2020-09-06 11:00:00+00:00,5904.0,6281.0,-377.0,-0.5535583549618556,0,0.0,18.307309844786126,1
2020-09-06 12:00:00+00:00,5829.0,6146.0,-317.0,-0.46819929916642217,0,0.0,18.275509143952547,1
2020-09-06 13:00:00+00:00,5774.0,6135.0,-361.0,-0.5306943404875885,0,0.0,18.306203484440136,1
2020-09-06 14:00:00+00:00,5800.0,6157.0,-357.0,-0.5249008076702422,0,0.0,18.33110429211038,1
2020-09-06 15:00:00+00:00,5842.0,6246.0,-404.0,-0.5914078345647772,0,0.0,18.422512126675155,1
2020-09-06 16:00:00+00:00,5955.0,6191.0,-236.0,-0.3521697794793372,0,0.0,18.27468190615449,1
2020-09-06 17:00:00+00:00,5958.0,6106.0,-148.0,-0.22671373375510712,0,0.0,18.0013956399096,1
2020-09-06 18:00:00+00:00,5878.0,6008.0,-130.0,-0.2005522427884172,0,0.0,17.70194788269802,1
2020-09-06 19:00:00+00:00,5553.0,5666.0,-113.0,-0.17580582367271935,0,0.0,17.377753706370736,1
2020-09-06 20:00:00+00:00,5468.0,5477.0,-9.0,-0.027497459003417657,0,0.0,16.905251165374153,1
2020-09-06 21:00:00+00:00,5132.0,5081.0,51.0,0.05819322046602413,0,0.0,16.34705794490813,1
2020-09-06 22:00:00+00:00,5041.0,4804.0,237.0,0.32245800114985435,0,0.0,15.524599943758275,1
2020-09-06 23:00:00+00:00,4847.0,4525.0,322.0,0.442980423084199,0,0.0,14.581619520674076,1
2020-09-07 00:00:00+00:00,4776.0,4418.0,358.0,0.493722608263832,0,0.0,13.587896912410244,1
2020-09-07 01:00:00+00:00,4749.0,4293.0,456.0,0.6319734259862404,0,0.1319734259862404,12.455923486424004,1
2020-09-07 02:00:00+00:00,4893.0,4304.0,589.0,0.8198729327448662,0,0.45184635873110657,11.136050553679137,1
2020-09-07 03:00:00+00:00,5397.0,4430.0,967.0,1.3559448258603075,0,1.307791184591414,9.28010572781883,1
2020-09-07 04:00:00+00:00,6413.0,4638.0,1775.0,2.5001113518416824,0,3.3079025364330965,6.2799943759771475,1
2020-09-07 05:00:00+00:00,7228.0,4950.0,2278.0,3.2078780531288333,1,6.015780589561929,2.572116322848314,1
2020-09-07 06:00:00+00:00,7626.0,5295.0,2331.0,3.281941358819714,1,8.797721948381643,0.0,1
2020-09-07 07:00:00+00:00,7763.0,5640.0,2123.0,2.988185058052408,0,11.285907006434051,0.0,1
2020-09-07 08:00:00+00:00,7902.0,5996.0,1906.0,2.6844875387241696,0,13.470394545158221,0.0,1
2020-09-07 09:00:00+00:00,8103.0,6206.0,1897.0,2.6689958425389873,0,15.639390387697208,0.0,1
2020-09-07 10:00:00+00:00,7957.0,6064.0,1893.0,2.6586125235389044,0,17.79800291123611,0.0,1
2020-09-07 11:00:00+00:00,7867.0,5904.0,1963.0,2.7530042675225075,0,20.051007178758617,0.0,1
2020-09-07 12:00:00+00:00,7739.0,5829.0,1910.0,2.675923752885511,0,22.226930931644127,0.0,1
2020-09-07 13:00:00+00:00,7630.0,5774.0,1856.0,2.6000829370106495,0,24.327013868654777,0.0,1
2020-09-07 14:00:00+00:00,7525.0,5800.0,1725.0,2.4176731665932043,0,26.24468703524798,0.0,1
2020-09-07 15:00:00+00:00,7508.0,5842.0,1666.0,2.335432244441633,0,28.080119279689615,0.0,1
2020-09-07 16:00:00+00:00,7487.0,5955.0,1532.0,2.1460999232794937,0,29.72621920296911,0.0,1
2020-09-07 17:00:00+00:00,7376.0,5958.0,1418.0,1.9832195698171782,0,31.209438772786285,0.0,1
2020-09-07 18:00:00+00:00,7101.0,5878.0,1223.0,1.705938806747105,0,32.41537757953339,0.0,1
2020-09-07 19:00:00+00:00,6569.0,5553.0,1016.0,1.412021100905252,0,33.32739868043864,0.0,1
2020-09-07 20:00:00+00:00,6228.0,5468.0,760.0,1.0499427699619492,0,33.87734145040059,0.0,1
2020-09-07 21:00:00+00:00,5724.0,5132.0,592.0,0.812405843591627,0,34.18974729399222,0.0,1
2020-09-07 22:00:00+00:00,5462.0,5041.0,421.0,0.5709812692955192,0,34.26072856328774,0.0,1
2020-09-07 23:00:00+00:00,5112.0,4847.0,265.0,0.35130951654233344,0,34.11203807983008,0.0,1
2020-09-08 00:00:00+00:00,5010.0,4776.0,234.0,0.30805547831952645,0,33.9200935581496,0.0,1
2020-09-08 01:00:00+00:00,4991.0,4749.0,242.0,0.31965449345331476,0,33.739748051602916,0.0,1
2020-09-08 02:00:00+00:00,5107.0,4893.0,214.0,0.28059028301953703,0,33.52033833462245,0.0,1
2020-09-08 03:00:00+00:00,5593.0,5397.0,196.0,0.2551023654084511,0,33.275440700030906,0.0,1
2020-09-08 04:00:00+00:00,6545.0,6413.0,132.0,0.16458010369925805,0,32.940020803730164,0.0,1
2020-09-08 05:00:00+00:00,7299.0,7228.0,71.0,0.07819660439177939,0,32.51821740812194,0.0,1
2020-09-08 06:00:00+00:00,7606.0,7626.0,-20.0,-0.05036853742473213,0,31.96784887069721,0.0,1
2020-09-08 07:00:00+00:00,7599.0,7763.0,-164.0,-0.25320540227637384,0,31.214643468420835,0.0,1
2020-09-08 08:00:00+00:00,7631.0,7902.0,-271.0,-0.4034967120543243,0,30.31114675636651,0.0,1
2020-09-08 09:00:00+00:00,7707.0,8103.0,-396.0,-0.5784780367912193,0,29.232668719575294,0.07847803679121934,1
2020-09-08 10:00:00+00:00,7462.0,7957.0,-495.0,-0.7162134442696675,0,28.016455275305628,0.29469148106088683,1
2020-09-08 11:00:00+00:00,7365.0,7867.0,-502.0,-0.724347008683471,0,26.792108266622158,0.5190384897443578,1
2020-09-08 12:00:00+00:00,7341.0,7739.0,-398.0,-0.5769884487972273,0,25.71511981782493,0.5960269385415851,1
2020-09-08 13:00:00+00:00,7223.0,7630.0,-407.0,-0.5884382603877721,0,24.62668155743716,0.6844651989293573,1
2020-09-08 14:00:00+00:00,7186.0,7525.0,-339.0,-0.49218756374004535,0,23.634493993697113,0.6766527626694026,1
2020-09-08 15:00:00+00:00,7232.0,7508.0,-276.0,-0.4031389114368238,0,22.73135508226029,0.5797916741062263,1
2020-09-08 16:00:00+00:00,7325.0,7487.0,-162.0,-0.24285228601870676,0,21.988502796241583,0.3226439601249331,1
2020-09-08 17:00:00+00:00,7277.0,7376.0,-99.0,-0.15425875160152552,0,21.33424404464006,0.0,1
2020-09-08 18:00:00+00:00,7084.0,7101.0,-17.0,-0.03917085467834926,0,20.79507318996171,0.0,1
2020-09-08 19:00:00+00:00,6562.0,6569.0,-7.0,-0.0252739957487539,0,20.269799194212954,0.0,1
2020-09-08 20:00:00+00:00,6224.0,6228.0,-4.0,-0.021211580433808153,0,19.748587613779147,0.0,1
2020-09-08 21:00:00+00:00,5748.0,5724.0,24.0,0.01816048081445048,0,19.2667480945936,0.0,1
2020-09-08 22:00:00+00:00,5362.0,5462.0,-100.0,-0.15535594025733235,0,18.611392154336265,0.0,1
2020-09-08 23:00:00+00:00,5140.0,5112.0,28.0,0.024806243856841874,0,18.136198398193105,0.0,1
2020-09-09 00:00:00+00:00,5043.0,5010.0,33.0,0.03191596553900091,0,17.668114363732105,0.0,1
2020-09-09 01:00:00+00:00,4942.0,4991.0,-49.0,-0.08281559152315537,0,17.08529877220895,0.0,1
2020-09-09 02:00:00+00:00,5056.0,5107.0,-51.0,-0.08522661442316891,0,16.50007215778578,0.0,1
2020-09-09 03:00:00+00:00,5545.0,5593.0,-48.0,-0.08054120672094377,0,15.919530951064836,0.0,1
2020-09-09 04:00:00+00:00,6482.0,6545.0,-63.0,-0.10074925440238351,0,15.318781696662452,0.0,1
2020-09-09 05:00:00+00:00,7234.0,7299.0,-65.0,-0.10259840990307642,0,14.716183286759374,0.0,1
2020-09-09 06:00:00+00:00,7552.0,7606.0,-54.0,-0.08624717510359702,0,14.129936111655777,0.0,1
2020-09-09 07:00:00+00:00,7569.0,7599.0,-30.0,-0.05183765706346892,0,13.578098454592308,0.0,1
2020-09-09 08:00:00+00:00,7607.0,7631.0,-24.0,-0.04278031367201789,0,13.035318140920289,0.0,1
2020-09-09 09:00:00+00:00,7676.0,7707.0,-31.0,-0.051776716423116376,0,12.483541424497172,0.0,1
2020-09-09 10:00:00+00:00,7468.0,7462.0,6.0,0.0008864290752414526,0,11.984427853572413,0.0,1
2020-09-09 11:00:00+00:00,7352.0,7365.0,-13.0,-0.025114296592247544,0,11.459313556980165,0.0,1
2020-09-09 12:00:00+00:00,7341.0,7341.0,0.0,-0.006122283766369231,0,10.953191273213795,0.0,1
2020-09-09 13:00:00+00:00,7281.0,7223.0,58.0,0.0758524720118752,0,10.529043745225671,0.0,1
2020-09-09 14:00:00+00:00,7159.0,7186.0,-27.0,-0.04256377112004694,0,9.986479974105624,0.0,1
2020-09-09 15:00:00+00:00,7175.0,7232.0,-57.0,-0.08392632755838884,0,9.402553646547235,0.0,1
2020-09-09 16:00:00+00:00,7235.0,7325.0,-90.0,-0.12950406734820455,0,8.77304957919903,0.0,1
2020-09-09 17:00:00+00:00,7238.0,7277.0,-39.0,-0.05701724220377524,0,8.216032336995255,0.0,1
2020-09-09 18:00:00+00:00,7040.0,7084.0,-44.0,-0.06327854149101055,0,7.652753795504244,0.0,1
2020-09-09 19:00:00+00:00,6511.0,6562.0,-51.0,-0.07233487076687255,0,7.080418924737372,0.0,1
2020-09-09 20:00:00+00:00,6158.0,6224.0,-66.0,-0.09249700959803864,0,6.487921915139333,0.0,1
2020-09-09 21:00:00+00:00,5655.0,5748.0,-93.0,-0.1294988329716855,0,5.858423082167648,0.0,1
2020-09-09 22:00:00+00:00,5371.0,5362.0,9.0,0.014443994855119097,0,5.372867077022767,0.0,1
2020-09-09 23:00:00+00:00,5110.0,5140.0,-30.0,-0.04032762827903137,0,4.832539448743736,0.0,0
2020-09-10 00:00:00+00:00,5011.0,5043.0,-32.0,-0.04281740059533785,0,4.289722048148398,0.0,0
2020-09-10 01:00:00+00:00,4974.0,4942.0,32.0,0.04726977731018959,0,3.836991825458588,0.0,0
2020-09-10 02:00:00+00:00,5071.0,5056.0,15.0,0.023561917630965722,0,3.360553743089554,0.0,0
2020-09-10 03:00:00+00:00,5548.0,5545.0,3.0,0.007113582435511076,0,2.8676673255250646,0.0,0
2020-09-10 04:00:00+00:00,6588.0,6482.0,106.0,0.1514890019267123,0,2.519156327451777,0.0,0
2020-09-10 05:00:00+00:00,7311.0,7234.0,77.0,0.11037607891145954,0,2.1295324063632366,0.0,0
2020-09-10 06:00:00+00:00,7618.0,7552.0,66.0,0.09475529665582731,0,1.7242877030190638,0.0,0
2020-09-10 07:00:00+00:00,7662.0,7569.0,93.0,0.13265478420530233,0,1.356942487224366,0.0,0
2020-09-10 08:00:00+00:00,7721.0,7607.0,114.0,0.16198172749935325,0,1.0189242147237194,0.0,0
2020-09-10 09:00:00+00:00,7783.0,7676.0,107.0,0.15172978983004176,0,0.6706540045537612,0.0,0
2020-09-10 10:00:00+00:00,7544.0,7468.0,76.0,0.10793505139743645,0,0.27858905595119765,0.0,0
2020-09-10 11:00:00+00:00,7437.0,7352.0,85.0,0.12024135081281662,0,0.0,0.0,0
2020-09-10 12:00:00+00:00,7334.0,7341.0,-7.0,-0.009204309942238973,0,0.0,0.0,0
2020-09-10 13:00:00+00:00,7273.0,7281.0,-8.0,-0.010723057097855433,0,0.0,0.0,0
2020-09-10 14:00:00+00:00,7239.0,7159.0,80.0,0.11240075409014545,0,0.0,0.0,0
2020-09-10 15:00:00+00:00,7291.0,7175.0,116.0,0.16255339758843745,0,0.0,0.0,0
2020-09-10 16:00:00+00:00,7339.0,7235.0,104.0,0.14538819649501933,0,0.0,0.0,0
2020-09-10 17:00:00+00:00,7303.0,7238.0,65.0,0.09020305675408635,0,0.0,0.0,0
2020-09-10 18:00:00+00:00,7116.0,7040.0,76.0,0.10545427429285065,0,0.0,0.0,0
2020-09-10 19:00:00+00:00,6581.0,6511.0,70.0,0.09673060255149499,0,0.0,0.0,0
2020-09-10 20:00:00+00:00,6224.0,6158.0,66.0,0.09066414682446113,0,0.0,0.0,0
2020-09-10 21:00:00+00:00,5719.0,5655.0,64.0,0.0871727233890961,0,0.0,0.0,0
2020-09-10 22:00:00+00:00,5464.0,5371.0,93.0,0.12736820409133412,0,0.0,0.0,0
2020-09-10 23:00:00+00:00,5193.0,5110.0,83.0,0.11323201256748942,0,0.0,0.0,0
2020-09-11 00:00:00+00:00,5093.0,5011.0,82.0,0.11146880372017452,0,0.0,0.0,0
2020-09-11 01:00:00+00:00,4978.0,4974.0,4.0,0.001685821578933204,0,0.0,0.0,0
2020-09-11 02:00:00+00:00,5084.0,5071.0,13.0,0.014109942317326997,0,0.0,0.0,0
2020-09-11 03:00:00+00:00,5615.0,5548.0,67.0,0.08960757616445464,0,0.0,0.0,0
2020-09-11 04:00:00+00:00,6507.0,6588.0,-81.0,-0.11810924793049378,0,0.0,0.0,0
2020-09-11 05:00:00+00:00,7218.0,7311.0,-93.0,-0.1346792214690871,0,0.0,0.0,0
2020-09-11 06:00:00+00:00,7532.0,7618.0,-86.0,-0.12453270991921132,0,0.0,0.0,0
2020-09-11 07:00:00+00:00,7571.0,7662.0,-91.0,-0.13120943161179768,0,0.0,0.0,0
2020-09-11 08:00:00+00:00,7633.0,7721.0,-88.0,-0.12658444653369072,0,0.0,0.0,0
2020-09-11 09:00:00+00:00,7683.0,7783.0,-100.0,-0.14296784872777324,0,0.0,0.0,0
2020-09-11 10:00:00+00:00,7420.0,7544.0,-124.0,-0.17627401433598844,0,0.0,0.0,0
2020-09-11 11:00:00+00:00,7231.0,7437.0,-206.0,-0.29095695048556364,0,0.0,0.0,0
2020-09-11 12:00:00+00:00,7092.0,7334.0,-242.0,-0.3408113067564999,0,0.0,0.0,0
2020-09-11 13:00:00+00:00,7019.0,7273.0,-254.0,-0.3569556759449726,0,0.0,0.0,0
2020-09-11 14:00:00+00:00,7034.0,7239.0,-205.0,-0.2875909532040632,0,0.0,0.0,0
2020-09-11 15:00:00+00:00,7132.0,7291.0,-159.0,-0.2224864232865174,0,0.0,0.0,0
2020-09-11 16:00:00+00:00,7194.0,7339.0,-145.0,-0.20247995088627158,0,0.0,0.0,0
2020-09-11 17:00:00+00:00,7131.0,7303.0,-172.0,-0.23996713582140636,0,0.0,0.0,0
2020-09-11 18:00:00+00:00,6904.0,7116.0,-212.0,-0.295705135496154,0,0.0,0.0,0
2020-09-11 19:00:00+00:00,6358.0,6581.0,-223.0,-0.3106094231612234,0,0.0,0.0,0
2020-09-11 20:00:00+00:00,6033.0,6224.0,-191.0,-0.2652080581413694,0,0.0,0.0,0
2020-09-11 21:00:00+00:00,5566.0,5719.0,-153.0,-0.21148633000506067,0,0.0,0.0,0
2020-09-11 22:00:00+00:00,5223.0,5464.0,-241.0,-0.335263481757349,0,0.0,0.0,0
2020-09-11 23:00:00+00:00,4912.0,5193.0,-281.0,-0.3918023501957618,0,0.0,0.0,0
2020-09-12 00:00:00+00:00,4807.0,5093.0,-286.0,-0.39929896526712627,0,0.0,0.0,0
2020-09-12 01:00:00+00:00,4704.0,4978.0,-274.0,-0.3827629477411065,0,0.0,0.0,0
2020-09-12 02:00:00+00:00,4691.0,5084.0,-393.0,-0.5501838044741911,0,0.0,0.05018380447419113,0
2020-09-12 03:00:00+00:00,4825.0,5615.0,-790.0,-1.1074289897006546,0,0.0,0.6576127941748457,0
2020-09-12 04:00:00+00:00,5193.0,6507.0,-1314.0,-1.844524038257634,0,0.0,2.0021368324324795,0
2020-09-12 05:00:00+00:00,5576.0,7218.0,-1642.0,-2.3057997302489412,0,0.0,3.807936562681421,0
2020-09-12 06:00:00+00:00,5907.0,7532.0,-1625.0,-2.2843640052538468,0,0.0,5.592300567935268,1
2020-09-12 07:00:00+00:00,6080.0,7571.0,-1491.0,-2.0977090558804137,0,0.0,7.190009623815682,1
2020-09-12 08:00:00+00:00,6202.0,7633.0,-1431.0,-2.0143298118222814,0,0.0,8.704339435637962,1
2020-09-12 09:00:00+00:00,6285.0,7683.0,-1398.0,-1.9681056161571238,0,0.0,10.172445051795085,1
2020-09-12 10:00:00+00:00,6122.0,7420.0,-1298.0,-1.827344264888059,0,0.0,11.499789316683144,1
2020-09-12 11:00:00+00:00,5998.0,7231.0,-1233.0,-1.7372706473899455,0,0.0,12.737059964073088,1
2020-09-12 12:00:00+00:00,5933.0,7092.0,-1159.0,-1.6355265099175944,0,0.0,13.872586473990683,1
2020-09-12 13:00:00+00:00,5848.0,7019.0,-1171.0,-1.6535158355285497,0,0.0,15.026102309519233,1
2020-09-12 14:00:00+00:00,5898.0,7034.0,-1136.0,-1.6049059758787145,0,0.0,16.131008285397947,1
2020-09-12 15:00:00+00:00,6039.0,7132.0,-1093.0,-1.5453116729599257,0,0.0,17.176319958357873,1
2020-09-12 16:00:00+00:00,6110.0,7194.0,-1084.0,-1.534129851911701,0,0.0,18.210449810269573,1
2020-09-12 17:00:00+00:00,6108.0,7131.0,-1023.0,-1.4495592446126628,0,0.0,19.160009054882234,1
2020-09-12 18:00:00+00:00,6006.0,6904.0,-898.0,-1.274483919895989,0,0.0,19.934492974778223,1
2020-09-12 19:00:00+00:00,5647.0,6358.0,-711.0,-1.0113212368962667,0,0.0,20.445814211674488,1
2020-09-12 20:00:00+00:00,5496.0,6033.0,-537.0,-0.7658978607229023,0,0.0,20.71171207239739,1
2020-09-12 21:00:00+00:00,5097.0,5566.0,-469.0,-0.6703093964552952,0,0.0,20.882021468852685,1
2020-09-12 22:00:00+00:00,4864.0,5223.0,-359.0,-0.5142430098166572,0,0.0,20.89626447866934,1
2020-09-12 23:00:00+00:00,4582.0,4912.0,-330.0,-0.4730494507272035,0,0.0,20.869313929396544,1
2020-09-13 00:00:00+00:00,4568.0,4807.0,-239.0,-0.34416213708337035,0,0.0,20.713476066479913,1
2020-09-13 01:00:00+00:00,4441.0,4704.0,-263.0,-0.3787058055541655,0,0.0,20.59218187203408,1
2020-09-13 02:00:00+00:00,4396.0,4691.0,-295.0,-0.42446656894138324,0,0.0,20.516648440975462,1
2020-09-13 03:00:00+00:00,4495.0,4825.0,-330.0,-0.47440415452061124,0,0.0,20.491052595496072,1
2020-09-13 04:00:00+00:00,4661.0,5193.0,-532.0,-0.760337834932833,0,0.0,20.751390430428906,1
2020-09-13 05:00:00+00:00,4908.0,5576.0,-668.0,-0.9525262300347327,0,0.0,21.203916660463637,1
2020-09-13 06:00:00+00:00,5241.0,5907.0,-666.0,-0.9489137568792555,0,0.0,21.652830417342894,1
2020-09-13 07:00:00+00:00,5506.0,6080.0,-574.0,-0.8181209462063231,0,0.0,21.97095136354922,1
2020-09-13 08:00:00+00:00,5745.0,6202.0,-457.0,-0.6522272816703019,0,0.0,22.12317864521952,1
2020-09-13 09:00:00+00:00,5898.0,6285.0,-387.0,-0.5529856968746499,0,0.0,22.17616434209417,1
2020-09-13 10:00:00+00:00,5734.0,6122.0,-388.0,-0.5545370687828164,0,0.0,22.23070141087699,1
2020-09-13 11:00:00+00:00,5572.0,5998.0,-426.0,-0.6079967988011448,0,0.0,22.338698209678135,1
2020-09-13 12:00:00+00:00,5444.0,5933.0,-489.0,-0.6965394663108493,0,0.0,22.535237675988984,1
2020-09-13 13:00:00+00:00,5415.0,5848.0,-433.0,-0.6169424277029398,0,0.0,22.652180103691926,1
2020-09-13 14:00:00+00:00,5504.0,5898.0,-394.0,-0.5614498119532605,0,0.0,22.713629915645186,1
2020-09-13 15:00:00+00:00,5681.0,6039.0,-358.0,-0.5103533442013802,0,0.0,22.723983259846566,1
2020-09-13 16:00:00+00:00,5919.0,6110.0,-191.0,-0.2736691854898404,0,0.0,22.497652445336406,1
2020-09-13 17:00:00+00:00,6026.0,6108.0,-82.0,-0.11916014716482783,0,0.0,22.116812592501233,1
2020-09-13 18:00:00+00:00,5948.0,6006.0,-58.0,-0.08502272009815189,0,0.0,21.701835312599385,1
2020-09-13 19:00:00+00:00,5607.0,5647.0,-40.0,-0.05954383250535704,0,0.0,21.261379145104744,1
2020-09-13 20:00:00+00:00,5521.0,5496.0,25.0,0.03256356988363002,0,0.0,20.728815575221113,1
2020-09-13 21:00:00+00:00,5189.0,5097.0,92.0,0.12735110032785113,0,0.0,20.101464474893262,1
2020-09-13 22:00:00+00:00,5061.0,4864.0,197.0,0.27653949764598446,0,0.0,19.324924977247278,1
2020-09-13 23:00:00+00:00,4836.0,4582.0,254.0,0.3575433357855294,0,0.0,18.46738164146175,1
2020-09-14 00:00:00+00:00,4760.0,4568.0,192.0,0.2702139813508274,0,0.0,17.69716766011092,1
2020-09-14 01:00:00+00:00,4710.0,4441.0,269.0,0.3800800928657074,0,0.0,16.817087567245213,1
2020-09-14 02:00:00+00:00,4824.0,4396.0,428.0,0.6063871172001137,0,0.10638711720011373,15.710700450045099,1
2020-09-14 03:00:00+00:00,5426.0,4495.0,931.0,1.319664684853566,0,0.9260518020536797,13.891035765191534,1
2020-09-14 04:00:00+00:00,6513.0,4661.0,1852.0,2.620865546621097,0,3.0469173486747767,10.770170218570437,1
2020-09-14 05:00:00+00:00,7318.0,4908.0,2410.0,3.399565054507599,1,5.946482403182376,6.870605164062837,1
2020-09-14 06:00:00+00:00,7657.0,5241.0,2416.0,3.4004151458584513,1,8.846897549040827,2.970190018204386,1
2020-09-14 07:00:00+00:00,7694.0,5506.0,2188.0,3.074756204761589,1,11.421653753802417,0.0,1
2020-09-14 08:00:00+00:00,7741.0,5745.0,1996.0,2.8037523263030577,0,13.725406080105476,0.0,1
2020-09-14 09:00:00+00:00,7824.0,5898.0,1926.0,2.7044673356282045,0,15.929873415733681,0.0,1
2020-09-14 10:00:00+00:00,7617.0,5734.0,1883.0,2.644883384849044,0,18.074756800582726,0.0,1
2020-09-14 11:00:00+00:00,7527.0,5572.0,1955.0,2.7464017032467485,0,20.321158503829473,0.0,1
2020-09-14 12:00:00+00:00,7447.0,5444.0,2003.0,2.8137315245730807,0,22.634890028402552,0.0,1
2020-09-14 13:00:00+00:00,7411.0,5415.0,1996.0,2.801254136373223,0,24.936144164775776,0.0,1
2020-09-14 14:00:00+00:00,7372.0,5504.0,1868.0,2.6184341505717272,0,27.054578315347502,0.0,1
2020-09-14 15:00:00+00:00,7426.0,5681.0,1745.0,2.4432581310451047,0,28.997836446392608,0.0,1
2020-09-14 16:00:00+00:00,7482.0,5919.0,1563.0,2.186903528422938,0,30.684739974815546,0.0,1
2020-09-14 17:00:00+00:00,7404.0,6026.0,1378.0,1.9277338846341487,0,32.11247385944969,0.0,1
2020-09-14 18:00:00+00:00,7120.0,5948.0,1172.0,1.6395879670591316,0,33.25206182650882,0.0,1
2020-09-14 19:00:00+00:00,6586.0,5607.0,979.0,1.369409497511377,0,34.1214713240202,0.0,1
2020-09-14 20:00:00+00:00,6224.0,5521.0,703.0,0.9825421294873514,0,34.60401345350755,0.0,1
2020-09-14 21:00:00+00:00,5722.0,5189.0,533.0,0.7445685456236977,0,34.84858199913125,0.0,1
2020-09-14 22:00:00+00:00,5548.0,5061.0,487.0,0.6789103921959573,0,35.02749239132721,0.0,1
2020-09-14 23:00:00+00:00,5204.0,4836.0,368.0,0.5113951892956526,0,35.03888758062286,0.0,1
2020-09-15 00:00:00+00:00,5165.0,4760.0,405.0,0.5626304196816552,0,35.101518000304516,0.0,1
2020-09-15 01:00:00+00:00,5062.0,4710.0,352.0,0.4876401816608845,0,35.0891581819654,0.0,1
2020-09-15 02:00:00+00:00,5150.0,4824.0,326.0,0.45032598945492014,0,35.03948417142032,0.0,1
2020-09-15 03:00:00+00:00,5607.0,5426.0,181.0,0.2469992638073266,0,34.786483435227645,0.0,1
2020-09-15 04:00:00+00:00,6608.0,6513.0,95.0,0.12676627009293967,0,34.41324970532058,0.0,1
2020-09-15 05:00:00+00:00,7345.0,7318.0,27.0,0.032206862309451634,0,33.94545656763003,0.0,1
2020-09-15 06:00:00+00:00,7619.0,7657.0,-38.0,-0.05775030352766878,0,33.38770626410236,0.0,1
2020-09-15 07:00:00+00:00,7622.0,7694.0,-72.0,-0.10398502408608326,0,32.78372124001628,0.0,1
2020-09-15 08:00:00+00:00,7697.0,7741.0,-44.0,-0.06337921064089642,0,32.22034202937538,0.0,1
2020-09-15 09:00:00+00:00,7792.0,7824.0,-32.0,-0.045561409292576904,0,31.674780620082807,0.0,1
2020-09-15 10:00:00+00:00,7610.0,7617.0,-7.0,-0.009978023122460287,0,31.164802596960346,0.0,1
2020-09-15 11:00:00+00:00,7546.0,7527.0,19.0,0.026743520333044907,0,30.69154611729339,0.0,1
2020-09-15 12:00:00+00:00,7536.0,7447.0,89.0,0.12486141934316564,0,30.316407536636557,0.0,1
2020-09-15 13:00:00+00:00,7443.0,7411.0,32.0,0.04517614523549807,0,29.861583681872055,0.0,1
2020-09-15 14:00:00+00:00,7400.0,7372.0,28.0,0.03979298240779861,0,29.401376664279855,0.0,1
2020-09-15 15:00:00+00:00,7399.0,7426.0,-27.0,-0.03702407010539248,0,28.864352594174463,0.0,1
2020-09-15 16:00:00+00:00,7440.0,7482.0,-42.0,-0.05772482365537897,0,28.306627770519082,0.0,1
2020-09-15 17:00:00+00:00,7427.0,7404.0,23.0,0.03351550411528063,0,27.840143274634364,0.0,1
2020-09-15 18:00:00+00:00,7211.0,7120.0,91.0,0.12857873748798868,0,27.468722012122353,0.0,1
2020-09-15 19:00:00+00:00,6628.0,6586.0,42.0,0.05967787868343891,0,27.02839989080579,0.0,1
2020-09-15 20:00:00+00:00,6258.0,6224.0,34.0,0.04825005746485836,0,26.57664994827065,0.0,1
2020-09-15 21:00:00+00:00,5761.0,5722.0,39.0,0.05501207613558767,0,26.131662024406236,0.0,1
2020-09-15 22:00:00+00:00,5548.0,5548.0,0.0,0.0001837776220410728,0,25.631845802028277,0.0,1
2020-09-15 23:00:00+00:00,5317.0,5204.0,113.0,0.15820174755334415,0,25.290047549581622,0.0,1
2020-09-16 00:00:00+00:00,5222.0,5165.0,57.0,0.07926318994640817,0,24.869310739528032,0.0,1
2020-09-16 01:00:00+00:00,5135.0,5062.0,73.0,0.10123517884239108,0,24.470545918370423,0.0,1
2020-09-16 02:00:00+00:00,5240.0,5150.0,90.0,0.12496887248690815,0,24.09551479085733,0.0,1
2020-09-16 03:00:00+00:00,5773.0,5607.0,166.0,0.23088291905663816,0,23.82639770991397,0.0,1
2020-09-16 04:00:00+00:00,6732.0,6608.0,124.0,0.1713986058704493,0,23.49779631578442,0.0,1
2020-09-16 05:00:00+00:00,7416.0,7345.0,71.0,0.09659343119301009,0,23.09438974697743,0.0,1
2020-09-16 06:00:00+00:00,7719.0,7619.0,100.0,0.136220911422479,0,22.73061065839991,0.0,1
2020-09-16 07:00:00+00:00,7769.0,7622.0,147.0,0.20067054423431013,0,22.43128120263422,0.0,1
2020-09-16 08:00:00+00:00,7854.0,7697.0,157.0,0.21296044880035125,0,22.144241651434573,0.0,1
2020-09-16 09:00:00+00:00,7938.0,7792.0,146.0,0.1959097362366681,0,21.84015138767124,0.0,1
2020-09-16 10:00:00+00:00,7750.0,7610.0,140.0,0.18603760286607024,0,21.52618899053731,0.0,1
2020-09-16 11:00:00+00:00,7671.0,7546.0,125.0,0.1637526561671868,0,21.189941646704497,0.0,1
2020-09-16 12:00:00+00:00,7569.0,7536.0,33.0,0.03374642098338884,0,20.723688067687885,0.0,1
2020-09-16 13:00:00+00:00,7510.0,7443.0,67.0,0.08040527758520637,0,20.304093345273092,0.0,1
2020-09-16 14:00:00+00:00,7490.0,7400.0,90.0,0.11169632280592913,0,19.91578966807902,0.0,1
2020-09-16 15:00:00+00:00,7523.0,7399.0,124.0,0.1584962279755835,0,19.574285896054604,0.0,1
2020-09-16 16:00:00+00:00,7564.0,7440.0,124.0,0.15743405056988957,0,19.231719946624494,0.0,1
2020-09-16 17:00:00+00:00,7557.0,7427.0,130.0,0.16496718398357535,0,18.89668713060807,0.0,1
2020-09-16 18:00:00+00:00,7252.0,7211.0,41.0,0.03964136073638767,0,18.436328491344455,0.0,1
2020-09-16 19:00:00+00:00,6658.0,6628.0,30.0,0.02373108057412645,0,17.96005957191858,0.0,1
2020-09-16 20:00:00+00:00,6271.0,6258.0,13.0,-0.00044303155101164645,0,17.45961654036757,0.0,1
2020-09-16 21:00:00+00:00,5779.0,5761.0,18.0,0.006198398152886446,0,16.965814938520456,0.0,1
2020-09-16 22:00:00+00:00,5555.0,5548.0,7.0,-0.009379137989386253,0,16.456435800531068,0.0,1
2020-09-16 23:00:00+00:00,5300.0,5317.0,-17.0,-0.04282471584237505,0,15.913611084688693,0.0,1
2020-09-17 00:00:00+00:00,5212.0,5222.0,-10.0,-0.03282696136937567,0,15.380784123319318,0.0,1
2020-09-17 01:00:00+00:00,5123.0,5135.0,-12.0,-0.035397483485221766,0,14.845386639834096,0.0,1
2020-09-17 02:00:00+00:00,5212.0,5240.0,-28.0,-0.05787568749749238,0,14.287510952336604,0.0,1
2020-09-17 03:00:00+00:00,5777.0,5773.0,4.0,-0.01305729623879909,0,13.774453656097805,0.0,1
2020-09-17 04:00:00+00:00,6766.0,6732.0,34.0,0.028827288766636747,0,13.303280944864442,0.0,1
2020-09-17 05:00:00+00:00,7489.0,7416.0,73.0,0.0831420382865863,0,12.886422983151029,0.0,1
2020-09-17 06:00:00+00:00,7794.0,7719.0,75.0,0.08554889800513615,0,12.471971881156165,0.0,1
2020-09-17 07:00:00+00:00,7845.0,7769.0,76.0,0.08642670415087723,0,12.058398585307042,0.0,1
2020-09-17 08:00:00+00:00,7937.0,7854.0,83.0,0.09552768333848666,0,11.65392626864553,0.0,1
2020-09-17 09:00:00+00:00,8030.0,7938.0,92.0,0.10715838152267422,0,11.261084650168204,0.0,1
2020-09-17 10:00:00+00:00,7834.0,7750.0,84.0,0.09491816996655303,0,10.856002820134757,0.0,1
2020-09-17 11:00:00+00:00,7777.0,7671.0,106.0,0.12473995174340989,0,10.480742771878166,0.0,1
2020-09-17 12:00:00+00:00,7740.0,7569.0,171.0,0.21478024415444227,0,10.195523016032608,0.0,1
2020-09-17 13:00:00+00:00,7613.0,7510.0,103.0,0.11823700589758548,0,9.813760021930193,0.0,1
2020-09-17 14:00:00+00:00,7559.0,7490.0,69.0,0.06966006194257905,0,9.383420083872773,0.0,1
2020-09-17 15:00:00+00:00,7556.0,7523.0,33.0,0.018531075145021468,0,8.901951159017795,0.0,1
2020-09-17 16:00:00+00:00,7554.0,7564.0,-10.0,-0.04192078984666605,0,8.36003036917113,0.0,1
2020-09-17 17:00:00+00:00,7543.0,7557.0,-14.0,-0.04753614264472256,0,7.8124942265264075,0.0,1
2020-09-17 18:00:00+00:00,7242.0,7252.0,-10.0,-0.04191660040578271,0,7.270577626120625,0.0,1
2020-09-17 19:00:00+00:00,6634.0,6658.0,-24.0,-0.061509509451210705,0,6.709068116669414,0.0,1
2020-09-17 20:00:00+00:00,6259.0,6271.0,-12.0,-0.04466351482070524,0,6.164404601848709,0.0,1
2020-09-17 21:00:00+00:00,5813.0,5779.0,34.0,0.01985648564643327,0,5.684261087495142,0.0,1
2020-09-17 22:00:00+00:00,5541.0,5555.0,-14.0,-0.047101876587357185,0,5.137159210907785,0.0,1
2020-09-17 23:00:00+00:00,5278.0,5300.0,-22.0,-0.058161011072631476,0,4.578998199835153,0.0,0
2020-09-18 00:00:00+00:00,5172.0,5212.0,-40.0,-0.08321412529730568,0,3.9957840745378475,0.0,0
2020-09-18 01:00:00+00:00,5084.0,5123.0,-39.0,-0.08163707224633183,0,3.4141470022915157,0.0,0
2020-09-18 02:00:00+00:00,5188.0,5212.0,-24.0,-0.060421570951667954,0,2.8537254313398477,0.0,0
2020-09-18 03:00:00+00:00,5741.0,5777.0,-36.0,-0.07709109013374743,0,2.2766343412061003,0.0,0
2020-09-18 04:00:00+00:00,6765.0,6766.0,-1.0,-0.028374269585396645,0,1.7482600716207037,0.0,0
2020-09-18 05:00:00+00:00,7486.0,7489.0,-3.0,-0.0318857003766853,0,1.2163743712440185,0.0,0
2020-09-18 06:00:00+00:00,7780.0,7794.0,-14.0,-0.04799866808935073,0,0.6683757031546678,0.0,0
2020-09-18 07:00:00+00:00,7785.0,7845.0,-60.0,-0.11317283881602011,0,0.05520286433864763,0.0,0
2020-09-18 08:00:00+00:00,7842.0,7937.0,-95.0,-0.16271990533071132,0,0.0,0.0,0
2020-09-18 09:00:00+00:00,7871.0,8030.0,-159.0,-0.2526694913113189,0,0.0,0.0,0
2020-09-18 10:00:00+00:00,7594.0,7834.0,-240.0,-0.3661529196207959,0,0.0,0.0,0
2020-09-18 11:00:00+00:00,7421.0,7777.0,-356.0,-0.5285449416804947,0,0.0,0.028544941680494706,0
2020-09-18 12:00:00+00:00,7279.0,7740.0,-461.0,-0.6748260559498361,0,0.0,0.20337099763033084,0
2020-09-18 13:00:00+00:00,7209.0,7613.0,-404.0,-0.5937274017853703,0,0.0,0.29709839941570115,0
2020-09-18 14:00:00+00:00,7183.0,7559.0,-376.0,-0.553432220732557,0,0.0,0.3505306201482582,0
2020-09-18 15:00:00+00:00,7262.0,7556.0,-294.0,-0.437659946870166,0,0.0,0.28819056701842416,0
2020-09-18 16:00:00+00:00,7332.0,7554.0,-222.0,-0.33619065252212804,0,0.0,0.12438121954055226,0
2020-09-18 17:00:00+00:00,7337.0,7543.0,-206.0,-0.31333477612091964,0,0.0,0.0,0
2020-09-18 18:00:00+00:00,7056.0,7242.0,-186.0,-0.2851629709108927,0,0.0,0.0,0
2020-09-18 19:00:00+00:00,6499.0,6634.0,-135.0,-0.21359434605172067,0,0.0,0.0,0
2020-09-18 20:00:00+00:00,6169.0,6259.0,-90.0,-0.15039192372953944,0,0.0,0.0,0
2020-09-18 21:00:00+00:00,5696.0,5813.0,-117.0,-0.1880155250672394,0,0.0,0.0,0
2020-09-18 22:00:00+00:00,5332.0,5541.0,-209.0,-0.3170302811923991,0,0.0,0.0,0
2020-09-18 23:00:00+00:00,4960.0,5278.0,-318.0,-0.46953666755787515,0,0.0,0.0,0
2020-09-19 00:00:00+00:00,4827.0,4801.852648755837,25.147351244162564,0.010942337889475883,0,0.0,0.0,0
2020-09-19 01:00:00+00:00,4692.0,4689.73955280672,2.260447193280015,-0.021954893911523887,0,0.0,0.0,0
2020-09-19 02:00:00+00:00,4684.0,4743.244960193847,-59.24496019384696,-0.10928833575269083,0,0.0,0.0,0
2020-09-19 03:00:00+00:00,4913.0,5055.071967038124,-142.07196703812406,-0.22760793724001901,0,0.0,0.0,0
2020-09-19 04:00:00+00:00,5290.0,5645.532636738444,-355.5326367384441,-0.5320368647169879,0,0.0,0.032036864716987856,0
2020-09-19 05:00:00+00:00,5736.0,6202.452227406464,-466.4522274064639,-0.6965250698441858,0,0.0,0.22856193456117369,0
2020-09-19 06:00:00+00:00,6114.0,6578.896105944101,-464.8961059441008,-0.702590245221639,0,0.0,0.43115217978281273,0
2020-09-19 07:00:00+00:00,6305.0,6796.65067670351,-491.6506767035098,-0.7469636264282883,0,0.0,0.678115806211101,0
2020-09-19 08:00:00+00:00,6382.0,6984.580915075159,-602.5809150751593,-0.9106697815002318,0,0.0,1.0887855877113328,0
2020-09-19 09:00:00+00:00,6407.0,7136.393541445366,-729.3935414453663,-1.095995845342555,0,0.0,1.684781433053888,0
2020-09-19 10:00:00+00:00,6182.0,6948.031775109464,-766.0317751094644,-1.1504459261697038,0,0.0,2.335227359223592,0
2020-09-19 11:00:00+00:00,6074.0,6815.487469059458,-741.4874690594579,-1.1171123349842196,0,0.0,2.9523396942078115,0
2020-09-19 12:00:00+00:00,5936.0,6703.904698790563,-767.9046987905631,-1.157341543887448,0,0.0,3.609681238095259,0
2020-09-19 13:00:00+00:00,5894.0,6638.931086446088,-744.9310864460876,-1.1260047317317166,0,0.0,4.235685969826976,0
2020-09-19 14:00:00+00:00,5873.0,6607.820392794293,-734.8203927942932,-1.1126450176579095,0,0.0,4.848330987484886,0
2020-09-19 15:00:00+00:00,5998.0,6635.508332440081,-637.5083324400812,-0.9737574186442063,0,0.0,5.322088406129092,1
2020-09-19 16:00:00+00:00,6091.0,6662.6596640492935,-571.6596640492935,-0.881687409827752,0,0.0,5.703775815956844,1
2020-09-19 17:00:00+00:00,6146.0,6571.455392367977,-425.45539236797686,-0.6736389961191914,0,0.0,5.877414812076035,1
2020-09-19 18:00:00+00:00,6053.0,6419.835019211286,-366.8350192112857,-0.5913206919125107,0,0.0,5.968735503988546,1
2020-09-19 19:00:00+00:00,5650.0,6073.239274077088,-423.23927407708834,-0.6748973045512547,0,0.0,6.143632808539801,1
2020-09-19 20:00:00+00:00,5484.0,5853.517277536104,-369.5172775361043,-0.5977544447739103,0,0.0,6.241387253313711,1
2020-09-19 21:00:00+00:00,5085.0,5417.603043042966,-332.6030430429664,-0.5447660406495806,0,0.0,6.286153293963292,1
2020-09-19 22:00:00+00:00,4790.0,5173.137966074664,-383.1379660746643,-0.6184897625104323,0,0.0,6.404643056473724,1
2020-09-19 23:00:00+00:00,4509.0,4906.165543651877,-397.1655436518768,-0.638615204631124,0,0.0,6.543258261104848,1
2020-09-20 00:00:00+00:00,4433.0,4446.734948048445,-13.734948048445403,-0.08188970609344172,0,0.0,6.12514796719829,1
2020-09-20 01:00:00+00:00,4367.0,4353.670555610705,13.329444389294622,-0.04431695508498344,0,0.0,5.669464922283273,1
2020-09-20 02:00:00+00:00,4362.0,4421.366261668195,-59.366261668194966,-0.15188379689267686,0,0.0,5.32134871917595,1
2020-09-20 03:00:00+00:00,4498.0,4768.660935095943,-270.6609350959425,-0.4613378809131055,0,0.0,5.282686600089056,1
2020-09-20 04:00:00+00:00,4699.0,5397.1944339426245,-698.1944339426245,-1.0849873163969457,0,0.0,5.867673916486002,1
2020-09-20 05:00:00+00:00,4934.0,5990.634831175254,-1056.6348311752536,-1.6024713618203532,0,0.0,6.970145278306354,1
2020-09-20 06:00:00+00:00,5230.0,6390.485102069458,-1160.4851020694578,-1.7460236580587727,0,0.0,8.216168936365127,1
2020-09-20 07:00:00+00:00,5438.0,6593.372376288619,-1155.3723762886193,-1.7302985630636205,0,0.0,9.446467499428747,1
2020-09-20 08:00:00+00:00,5643.0,6736.220792460544,-1093.2207924605436,-1.6315845525114325,0,0.0,10.57805205194018,1
2020-09-20 09:00:00+00:00,5780.0,6859.260745395297,-1079.260745395297,-1.6027039742228713,0,0.0,11.680756026163051,1
2020-09-20 10:00:00+00:00,5568.0,6667.048495651533,-1099.048495651533,-1.6222974596951003,0,0.0,12.80305348585815,1
2020-09-20 11:00:00+00:00,5385.0,6559.774547333779,-1174.774547333779,-1.7205580251614236,0,0.0,14.023611511019574,1
2020-09-20 12:00:00+00:00,5329.0,6447.45240085391,-1118.45240085391,-1.6308910239790628,0,0.0,15.154502534998636,1
2020-09-20 13:00:00+00:00,5344.0,6398.843358015804,-1054.8433580158037,-1.5328409451708322,0,0.0,16.187343480169467,1
2020-09-20 14:00:00+00:00,5435.0,6371.229658554004,-936.2296585540043,-1.3591676406404272,0,0.0,17.046511120809896,1
2020-09-20 15:00:00+00:00,5591.0,6432.189386445299,-841.1893864452986,-1.2209228247689474,0,0.0,17.767433945578844,1
2020-09-20 16:00:00+00:00,5899.0,6470.42399349134,-571.4239934913403,-0.8381086546493222,0,0.0,18.105542600228166,1
2020-09-20 17:00:00+00:00,6067.0,6408.7743407990365,-341.7743407990365,-0.5133326526403132,0,0.0,18.118875252868477,1
2020-09-20 18:00:00+00:00,5979.0,6268.084919441892,-289.08491944189154,-0.43830047692204815,0,0.0,18.057175729790526,1
2020-09-20 19:00:00+00:00,5615.0,5909.767075512862,-294.767075512862,-0.4454374598573878,0,0.0,18.002613189647914,1
2020-09-20 20:00:00+00:00,5530.0,5685.662646874004,-155.66264687400417,-0.2488143223509849,0,0.0,17.751427511998898,1
2020-09-20 21:00:00+00:00,5165.0,5248.342927621436,-83.34292762143559,-0.14636385494875054,0,0.0,17.397791366947647,1
2020-09-20 22:00:00+00:00,5054.0,4969.516411977585,84.48358802241455,0.0907115349879177,0,0.0,16.80707983195973,1
2020-09-20 23:00:00+00:00,4814.0,4692.30880592689,121.69119407310971,0.14400861846383511,0,0.0,16.163071213495893,1
2020-09-21 00:00:00+00:00,4741.0,4744.421990419303,-3.421990419303256,-0.030802921979852058,0,0.0,15.693874135475745,1
2020-09-21 01:00:00+00:00,4659.0,4625.079621526731,33.92037847326901,0.02362437578187982,0,0.0,15.170249759693865,1
2020-09-21 02:00:00+00:00,4820.0,4661.741353643156,158.2586463568441,0.20100052609531804,0,0.0,14.469249233598546,1
2020-09-21 03:00:00+00:00,5461.0,4956.600381602896,504.399618397104,0.6930125832916452,0,0.19301258329164517,13.2762366503069,1
2020-09-21 04:00:00+00:00,6579.0,5504.100286690139,1074.899713309861,1.5119637703038464,0,1.2049763535954916,11.264272880003054,1
2020-09-21 05:00:00+00:00,7328.0,6016.171055946111,1311.8289440538892,1.8728376298796616,0,2.5778139834751532,8.891435250123392,1
2020-09-21 06:00:00+00:00,7671.0,6378.544936218934,1292.4550637810662,1.8711874525183132,0,3.949001435993466,6.520247797605078,1
2020-09-21 07:00:00+00:00,7723.0,6571.885776920133,1151.1142230798669,1.6867318171580297,0,5.135733253151496,4.333515980447048,1
2020-09-21 08:00:00+00:00,7783.0,6731.257488198338,1051.7425118016615,1.557125054900504,0,6.192858308052,2.2763909255465444,1
2020-09-21 09:00:00+00:00,7858.0,6865.081434705193,992.9185652948072,1.486728129494892,0,7.179586437546892,0.28966279605165246,1
2020-09-21 10:00:00+00:00,7677.0,6663.312050460518,1013.6879495394824,1.5348532476194343,0,8.214439685166326,0.0,1
2020-09-21 11:00:00+00:00,7638.0,6526.288699619459,1111.7113003805407,1.7017051829623184,0,9.416144868128644,0.0,1
2020-09-21 12:00:00+00:00,7554.0,6424.127406218865,1129.872593781135,1.7473178396312292,0,10.663462707759873,0.0,1
2020-09-21 13:00:00+00:00,7496.0,6381.936438390958,1114.0635616090422,1.7400675909042294,0,11.903530298664101,0.0,1
2020-09-21 14:00:00+00:00,7465.0,6375.750004791562,1089.249995208438,1.7157116082712482,0,13.11924190693535,0.0,1
2020-09-21 15:00:00+00:00,7558.0,6441.284409252361,1116.715590747639,1.7709091146751974,0,14.390151021610547,0.0,1
2020-09-21 16:00:00+00:00,7644.0,6532.16760577473,1111.83239422527,1.772521055588887,0,15.662672077199435,0.0,1
2020-09-21 17:00:00+00:00,7594.0,6501.343162906285,1092.6568370937148,1.7492533932637482,0,16.91192547046318,0.0,1
2020-09-21 18:00:00+00:00,7207.0,6358.772978175765,848.2270218242347,1.3697413344389557,0,17.781666804902137,0.0,1
2020-09-21 19:00:00+00:00,6619.0,5999.187614761828,619.8123852381723,1.013012998545731,0,18.294679803447867,0.0,1
2020-09-21 20:00:00+00:00,6267.0,5793.692783956892,473.3072160431084,0.783252543514376,0,18.577932346962243,0.0,1
2020-09-21 21:00:00+00:00,5757.0,5362.562881841985,394.4371181580154,0.6595225066994973,0,18.73745485366174,0.0,1
2020-09-21 22:00:00+00:00,5444.0,5125.789109413393,318.2108905866071,0.5391081454609603,0,18.7765629991227,0.0,1
2020-09-21 23:00:00+00:00,5243.0,4854.110424204862,388.8895757951377,0.6505976463489256,0,18.927160645471623,0.0,1
2020-09-22 00:00:00+00:00,5145.0,5238.40245712694,-93.40245712694012,-0.11384428507335996,0,18.313316360398264,0.0,1
2020-09-22 01:00:00+00:00,5041.0,5181.632160540006,-140.63216054000625,-0.1871005815336084,0,17.626215778864655,0.0,1
2020-09-22 02:00:00+00:00,5139.0,5267.227552858356,-128.22755285835592,-0.16580133290920018,0,16.960414445955454,0.0,1
2020-09-22 03:00:00+00:00,5631.0,5669.171777646934,-38.17177764693406,-0.021586616165061114,0,16.438827829790394,0.0,1
2020-09-22 04:00:00+00:00,6689.0,6411.180123729537,277.8198762704633,0.47984864268472305,0,16.418676472475116,0.0,1
2020-09-22 05:00:00+00:00,7431.0,7017.418652373096,413.58134762690406,0.6934811620666246,0,16.61215763454174,0.0,1
2020-09-22 06:00:00+00:00,7734.0,7365.955930981452,368.0440690185478,0.6189816098218558,0,16.731139244363597,0.0,1
2020-09-22 07:00:00+00:00,7763.0,7498.656355165003,264.34364483499667,0.4522789406912683,0,16.683418185054865,0.0,1
2020-09-22 08:00:00+00:00,7818.0,7602.569630448493,215.43036955150728,0.37238374425226084,0,16.555801929307126,0.0,1
2020-09-22 09:00:00+00:00,7883.0,7700.89507897934,182.10492102066016,0.3168979724754124,0,16.37269990178254,0.0,1
2020-09-22 10:00:00+00:00,7675.0,7487.081719256255,187.91828074374465,0.32312689066492,0,16.19582679244746,0.0,1
2020-09-22 11:00:00+00:00,7604.0,7365.675971502906,238.32402849709436,0.3999552704136004,0,16.09578206286106,0.0,1
2020-09-22 12:00:00+00:00,7590.0,7241.203156770037,348.7968432299631,0.5720564181305188,0,16.167838480991577,0.0,1
2020-09-22 13:00:00+00:00,7486.0,7166.779364509532,319.22063549046834,0.5217036109042141,0,16.18954209189579,0.0,1
2020-09-22 14:00:00+00:00,7443.0,7118.705286444743,324.29471355525675,0.5266306995124285,0,16.21617279140822,0.0,1
2020-09-22 15:00:00+00:00,7482.0,7157.64357817414,324.3564218258598,0.5238163274818957,0,16.239989118890115,0.0,1
2020-09-22 16:00:00+00:00,7541.0,7188.565888879234,352.4341111207659,0.5657978048789756,0,16.30578692376909,0.0,1
2020-09-22 17:00:00+00:00,7536.0,7098.529121425878,437.4708785741223,0.6979026328243879,0,16.50368955659348,0.0,1
2020-09-22 18:00:00+00:00,7230.0,6870.698492115417,359.30150788458286,0.5717163336428505,0,16.57540589023633,0.0,1
2020-09-22 19:00:00+00:00,6656.0,6443.895604575378,212.10439542462245,0.33699781439919146,0,16.41240370463552,0.0,1
2020-09-22 20:00:00+00:00,6308.0,6165.868846192931,142.1311538070686,0.22525025903888587,0,16.137653963674406,0.0,1
2020-09-22 21:00:00+00:00,5789.0,5690.478999366333,98.52100063366744,0.15569346610929582,0,15.7933474297837,0.0,1
2020-09-22 22:00:00+00:00,5561.0,5398.466163024055,162.53383697594472,0.25600885264113554,0,15.549356282424835,0.0,1
2020-09-22 23:00:00+00:00,5290.0,5128.335578911287,161.66442108871342,0.2539743983755212,0,15.303330680800356,0.0,1
2020-09-23 00:00:00+00:00,5198.0,5181.38703081138,16.6129691886199,0.02393096889484814,0,14.827261649695204,0.0,1
2020-09-23 01:00:00+00:00,5125.0,5038.8249830784325,86.17501692156748,0.13364937151926207,0,14.460911021214466,0.0,1
2020-09-23 02:00:00+00:00,5209.0,5089.739001618421,119.26099838157916,0.18532731384189768,0,14.146238335056363,0.0,1
2020-09-23 03:00:00+00:00,5786.0,5468.08581851834,317.9141814816603,0.49856029511043615,0,14.1447986301668,0.0,1
2020-09-23 04:00:00+00:00,6834.0,6228.38003022465,605.61996977535,0.9503809607260142,0,14.595179590892814,0.0,1
2020-09-23 05:00:00+00:00,7559.0,6853.185723363029,705.814276636971,1.1034290406000957,0,15.19860863149291,0.0,1
2020-09-23 06:00:00+00:00,7893.0,7201.697969461951,691.3020305380487,1.0751311725593882,0,15.773739804052298,0.0,1
2020-09-23 07:00:00+00:00,7950.0,7333.266108056567,616.7338919434333,0.9531229470589669,0,16.226862751111266,0.0,1
2020-09-23 08:00:00+00:00,7998.0,7443.015403260473,554.9845967395268,0.8521676501912355,0,16.5790304013025,0.0,1
2020-09-23 09:00:00+00:00,8080.0,7546.946285109954,533.0537148900457,0.8141964440080899,0,16.89322684531059,0.0,1
2020-09-23 10:00:00+00:00,7881.0,7337.624869403589,543.3751305964106,0.8270659302306523,0,17.220292775541242,0.0,1
2020-09-23 11:00:00+00:00,7836.0,7222.435718139473,613.5642818605274,0.9331954362557497,0,17.653488211796994,0.0,1
2020-09-23 12:00:00+00:00,7737.0,7127.251573071128,609.7484269288725,0.9231817831961513,0,18.076669994993146,0.0,1
2020-09-23 13:00:00+00:00,7666.0,7049.714491468259,616.2855085317406,0.9296218424727115,0,18.50629183746586,0.0,1
2020-09-23 14:00:00+00:00,7612.0,7006.933406400954,605.0665935990464,0.9080049504290217,0,18.91429678789488,0.0,1
2020-09-23 15:00:00+00:00,7616.0,7042.436917689245,573.5630823107549,0.8549111428634899,0,19.26920793075837,0.0,1
2020-09-23 16:00:00+00:00,7625.0,7076.495336825948,548.5046631740524,0.8120534337394786,0,19.58126136449785,0.0,1
2020-09-23 17:00:00+00:00,7562.0,7006.848007901243,555.1519920987566,0.8188548601357722,0,19.90011622463362,0.0,1
2020-09-23 18:00:00+00:00,7193.0,6794.581515854128,398.41848414587184,0.5722722577474254,0,19.972388482381046,0.0,1
2020-09-23 19:00:00+00:00,6618.0,6366.288924119751,251.71107588024915,0.34228884862690734,0,19.814677331007953,0.0,1
2020-09-23 20:00:00+00:00,6246.0,6089.373925046236,156.62607495376415,0.19315985559141471,0,19.507837186599367,0.0,1
2020-09-23 21:00:00+00:00,5739.0,5613.976557842422,125.02344215757785,0.14293364560124477,0,19.150770832200614,0.0,1
2020-09-23 22:00:00+00:00,5544.0,5347.094717677534,196.9052823224656,0.2539938016341282,0,18.90476463383474,0.0,1
2020-09-23 23:00:00+00:00,5259.0,5068.003478830136,190.9965211698645,0.24374945610472543,0,18.648514089939468,0.0,1
2020-09-24 00:00:00+00:00,5184.0,5146.002499861574,37.9975001384264,0.005171046210116556,0,18.153685136149583,0.0,1
2020-09-24 01:00:00+00:00,5100.0,5008.8384869492975,91.16151305070252,0.08768556236344792,0,17.74137069851303,0.0,1
2020-09-24 02:00:00+00:00,5204.0,5058.699284749016,145.30071525098356,0.1713817408982716,0,17.412752439411303,0.0,1
2020-09-24 03:00:00+00:00,5794.0,5469.095377679178,324.90462232082245,0.44942890999056057,0,17.362181349401865,0.0,1
2020-09-24 04:00:00+00:00,6823.0,6249.267033979993,573.7329660200066,0.8337591982860225,0,17.695940547687886,0.0,1
2020-09-24 05:00:00+00:00,7589.0,6879.934742389953,709.0652576100474,1.0396099647316066,0,18.235550512419493,0.0,1
2020-09-24 06:00:00+00:00,7869.0,7236.064568029144,632.9354319708564,0.917634562411315,0,18.65318507483081,0.0,1
2020-09-24 07:00:00+00:00,7882.0,7370.4696784265825,511.5303215734175,0.7268782719004787,0,18.880063346731287,0.0,1
2020-09-24 08:00:00+00:00,7921.0,7476.8344553902525,444.1655446097475,0.6206318086041386,0,19.000695155335425,0.0,1
2020-09-24 09:00:00+00:00,7999.0,7584.792855970319,414.2071440296813,0.5725504748343063,0,19.07324563016973,0.0,1
2020-09-24 10:00:00+00:00,7796.0,7379.997695923832,416.002304076168,0.5734823244215356,0,19.146727954591267,0.0,1
2020-09-24 11:00:00+00:00,7794.0,7276.723661644453,517.2763383555466,0.7275971202861458,0,19.37432507487741,0.0,1
2020-09-24 12:00:00+00:00,7723.0,7166.099847836725,556.9001521632754,0.7855368807518465,0,19.659861955629257,0.0,1
2020-09-24 13:00:00+00:00,7597.0,7097.324663673585,499.6753363264152,0.6943290930922353,0,19.854191048721493,0.0,1
2020-09-24 14:00:00+00:00,7532.0,7053.204035508255,478.7959644917446,0.6598448803926629,0,20.014035929114154,0.0,1
2020-09-24 15:00:00+00:00,7571.0,7081.095247939706,489.9047520602944,0.6748117997583787,0,20.18884772887253,0.0,1
2020-09-24 16:00:00+00:00,7597.0,7104.901863921077,492.0981360789228,0.6759558473380163,0,20.364803576210548,0.0,1
2020-09-24 17:00:00+00:00,7577.0,7025.495850354593,551.5041496454069,0.7645577293778014,0,20.62936130558835,0.0,1
2020-09-24 18:00:00+00:00,7203.0,6791.215776537752,411.7842234622476,0.5477555843903655,0,20.677116889978716,0.0,1
2020-09-24 19:00:00+00:00,6617.0,6353.917300213621,263.0826997863787,0.318085187567493,0,20.49520207754621,0.0,1
2020-09-24 20:00:00+00:00,6294.0,6066.866403443565,227.1335965564349,0.2620307879474279,0,20.257232865493638,0.0,1
2020-09-24 21:00:00+00:00,5885.0,5592.811204121116,292.18879587888387,0.360961135448586,0,20.118194000942225,0.0,1
2020-09-24 22:00:00+00:00,5505.0,5338.491997795057,166.5080022049433,0.16737800097677966,0,19.785572001919004,0.0,1
2020-09-24 23:00:00+00:00,5258.0,5057.188633986076,200.81136601392427,0.2195647206981555,0,19.50513672261716,0.0,1
2020-09-25 00:00:00+00:00,5199.0,5222.442023665617,-23.442023665616944,-0.12471392969381104,0,18.880422792923348,0.0,1
2020-09-25 01:00:00+00:00,5115.0,5173.1483806573815,-58.148380657381495,-0.17777886601510867,0,18.202643926908237,0.0,1
2020-09-25 02:00:00+00:00,5234.0,5258.917315432862,-24.91731543286187,-0.12651728483649,0,17.57612664207175,0.0,1
2020-09-25 03:00:00+00:00,5782.0,5688.896426960604,93.103573039396,0.05479291267444553,0,17.130919554746196,0.0,1
2020-09-25 04:00:00+00:00,6829.0,6477.071954294738,351.92804570526187,0.45058692987491195,0,17.08150648462111,0.0,1
2020-09-25 05:00:00+00:00,7563.0,7116.796502025772,446.2034979742284,0.5927487346351504,0,17.17425521925626,0.0,1
2020-09-25 06:00:00+00:00,7860.0,7447.335949020562,412.6640509794379,0.5387515128045429,0,17.2130067320608,0.0,1
2020-09-25 07:00:00+00:00,7888.0,7555.247637981626,332.7523620183738,0.41402509647212304,0,17.127031828532925,0.0,1
2020-09-25 08:00:00+00:00,7971.0,7646.30197094089,324.69802905911,0.39970919887460904,0,17.026741027407535,0.0,1
2020-09-25 09:00:00+00:00,7993.0,7742.792268491154,250.20773150884636,0.28374791576678665,0,16.81048894317432,0.0,1
2020-09-25 10:00:00+00:00,7732.0,7529.449848390759,202.55015160924088,0.20910888803927513,0,16.519597831213595,0.0,1
2020-09-25 11:00:00+00:00,7531.0,7434.527585790758,96.47241420924183,0.044887034876209486,0,16.064484866089803,0.0,1
2020-09-25 12:00:00+00:00,7452.0,7325.534145244176,126.46585475582378,0.08929023525603719,0,15.65377510134584,0.0,1
2020-09-25 13:00:00+00:00,7324.0,7235.0176191453,88.98238085469984,0.030154642279124115,0,15.183929743624963,0.0,1
2020-09-25 14:00:00+00:00,7298.0,7181.205182861497,116.79481713850328,0.0714398901324647,0,14.755369633757429,0.0,1
2020-09-25 15:00:00+00:00,7344.0,7211.4607118119875,132.5392881880125,0.09432278469105046,0,14.349692418448479,0.0,1
2020-09-25 16:00:00+00:00,7436.0,7233.908986898759,202.0910131012406,0.1996798250728912,0,14.04937224352137,0.0,1
2020-09-25 17:00:00+00:00,7374.0,7162.815700171353,211.18429982864745,0.2119377765908916,0,13.761310020112262,0.0,1
2020-09-25 18:00:00+00:00,6968.0,6913.088868169384,54.911131830615886,-0.02959576949151906,0,13.231714250620742,0.0,1
2020-09-25 19:00:00+00:00,6417.0,6457.368128813989,-40.36812881398873,-0.17703326233531494,0,12.554680988285428,0.0,1
2020-09-25 20:00:00+00:00,6128.0,6173.3378331154845,-45.3378331154845,-0.18538331759315071,0,11.869297670692278,0.0,1
2020-09-25 21:00:00+00:00,5707.0,5719.874850867021,-12.87485086702145,-0.13609008625116395,0,11.233207584441114,0.0,1
2020-09-25 22:00:00+00:00,5402.0,5415.270789305131,-13.270789305131077,-0.13778769138387983,0,10.595419893057235,0.0,1
2020-09-25 23:00:00+00:00,5037.0,5140.545614521524,-103.54561452152392,-0.2776830789667166,0,9.817736814090518,0.0,1
2020-09-26 00:00:00+00:00,4903.0,4876.900648849698,26.099351150302027,-0.07947924403479546,0,9.238257570055723,0.0,1
2020-09-26 01:00:00+00:00,4761.0,4726.370161799409,34.62983820059071,-0.06777978028889546,0,8.670477789766828,0.0,1
2020-09-26 02:00:00+00:00,4876.0,4793.884367932068,82.11563206793198,0.0032427814796610432,0,8.17372057124649,0.0,1
2020-09-26 03:00:00+00:00,5112.0,5229.039708221981,-117.03970822198062,-0.30787767834023455,0,7.365842892906255,0.0,1
2020-09-26 04:00:00+00:00,5435.0,6055.47104068211,-620.4710406821096,-1.0954337073768285,0,5.770409185529427,0.5954337073768285,1
2020-09-26 05:00:00+00:00,5909.0,6715.020619545739,-806.0206195457386,-1.3988869236678045,0,3.8715222618616227,1.494320631044633,0
2020-09-26 06:00:00+00:00,6311.0,7067.886055058084,-756.8860550580839,-1.3368572636377165,0,2.0346649982239065,2.33117789468235,0
2020-09-26 07:00:00+00:00,6564.0,7194.253622493538,-630.2536224935384,-1.1493271903133013,0,0.3853378079106051,2.9805050849956514,0
2020-09-26 08:00:00+00:00,6717.0,7314.017403240361,-597.0174032403611,-1.1081348572346492,0,0.0,3.5886399422303006,0
2020-09-26 09:00:00+00:00,6800.0,7412.656462198707,-612.6564621987072,-1.144570203409853,0,0.0,4.233210145640154,0
2020-09-26 10:00:00+00:00,6588.0,7202.1920112802445,-614.1920112802445,-1.156831830227393,0,0.0,4.890041975867547,0
2020-09-26 11:00:00+00:00,6429.0,7075.616572558798,-646.616572558798,-1.2181416515043215,0,0.0,5.608183627371869,1
2020-09-26 12:00:00+00:00,6179.0,6983.605122098902,-804.605122098902,-1.482041141138226,0,0.0,6.590224768510095,1
2020-09-26 13:00:00+00:00,6165.0,6905.824448164043,-740.8244481640431,-1.3848431361921327,0,0.0,7.475067904702227,1
2020-09-26 14:00:00+00:00,6195.0,6877.093787782463,-682.0937877824626,-1.2954339924413691,0,0.0,8.270501897143596,1
2020-09-26 15:00:00+00:00,6293.0,6924.106829475636,-631.106829475636,-1.2180933054120853,0,0.0,8.98859520255568,1
2020-09-26 16:00:00+00:00,6421.0,6978.86922279619,-557.8692227961901,-1.1039586381348698,0,0.0,9.59255384069055,1
2020-09-26 17:00:00+00:00,6449.0,6912.653665959232,-463.65366595923206,-0.9540178032912384,0,0.0,10.046571643981789,1
2020-09-26 18:00:00+00:00,6206.0,6657.341794952974,-451.34179495297394,-0.9384388316397086,0,0.0,10.485010475621497,1
2020-09-26 19:00:00+00:00,5794.0,6212.686132738715,-418.6861327387151,-0.8867557419591526,0,0.0,10.87176621758065,1
2020-09-26 20:00:00+00:00,5648.0,5945.945836743716,-297.9458367437155,-0.6864660574133638,0,0.0,11.058232274994014,1
2020-09-26 21:00:00+00:00,5245.0,5502.377241011862,-257.37724101186177,-0.6200315257957962,0,0.0,11.17826380078981,1
2020-09-26 22:00:00+00:00,4981.0,5223.530433026769,-242.53043302676903,-0.595942343738861,0,0.0,11.274206144528671,1
2020-09-26 23:00:00+00:00,4663.0,4927.029741882876,-264.0297418828759,-0.6325045095342495,0,0.0,11.406710654062922,1
2020-09-27 00:00:00+00:00,4623.0,4561.450080054081,61.5499199459191,-0.08740756557686324,0,0.0,10.994118219639784,1
2020-09-27 01:00:00+00:00,4546.0,4449.019710490087,96.98028950991284,-0.02970760417766253,0,0.0,10.523825823817447,1
2020-09-27 02:00:00+00:00,4537.0,4543.504537713454,-6.5045377134538285,-0.20522585742703942,0,0.0,10.229051681244487,1
2020-09-27 03:00:00+00:00,4670.0,4914.958986835433,-244.95898683543328,-0.6068924454304432,0,0.0,10.33594412667493,1
2020-09-27 04:00:00+00:00,4869.0,5567.529662797788,-698.5296627977878,-1.3677508004380292,0,0.0,11.20369492711296,1
2020-09-27 05:00:00+00:00,5206.0,6169.620557488861,-963.6205574888608,-1.8076208357786174,0,0.0,12.511315762891577,1
2020-09-27 06:00:00+00:00,5444.0,6556.180337098908,-1112.1803370989082,-2.0468285273396427,0,0.0,14.058144290231219,1
2020-09-27 07:00:00+00:00,5656.0,6745.865965151136,-1089.8659651511362,-1.998891807824171,0,0.0,15.557036098055391,1
2020-09-27 08:00:00+00:00,5871.0,6889.5745345798905,-1018.5745345798904,-1.8701464048875946,0,0.0,16.927182502942987,1
2020-09-27 09:00:00+00:00,5999.0,7007.414776126465,-1008.4147761264647,-1.842686050172963,0,0.0,18.26986855311595,1
2020-09-27 10:00:00+00:00,5771.0,6813.553071771976,-1042.5530717719755,-1.8875729454351569,0,0.0,19.657441498551105,1
2020-09-27 11:00:00+00:00,5636.0,6700.049380164959,-1064.049380164959,-1.9114381793180337,0,0.0,21.068879677869138,1
2020-09-27 12:00:00+00:00,5475.0,6567.669934528479,-1092.6699345284787,-1.9469479013724527,0,0.0,22.51582757924159,1
2020-09-27 13:00:00+00:00,5492.0,6523.108260121483,-1031.108260121483,-1.8365114402996554,0,0.0,23.852339019541247,1
2020-09-27 14:00:00+00:00,5592.0,6514.144467266359,-922.1444672663592,-1.6519441369022447,0,0.0,25.004283156443492,1
2020-09-27 15:00:00+00:00,5814.0,6579.377819226949,-765.3778192269492,-1.3934539912248047,0,0.0,25.8977371476683,1
2020-09-27 16:00:00+00:00,6112.0,6649.490897226646,-537.4908972266458,-1.022632551501353,0,0.0,26.42036969916965,1
2020-09-27 17:00:00+00:00,6257.0,6611.198538284985,-354.19853828498526,-0.7253173387183497,0,0.0,26.645687037888,1
2020-09-27 18:00:00+00:00,6086.0,6396.597891573384,-310.597891573384,-0.6534961847088014,0,0.0,26.7991832225968,1
2020-09-27 19:00:00+00:00,5695.0,5988.900151002935,-293.9001510029348,-0.6250681217192805,0,0.0,26.92425134431608,1
2020-09-27 20:00:00+00:00,5633.0,5763.206566719156,-130.2065667191564,-0.3607883345771816,0,0.0,26.785039678893263,1
2020-09-27 21:00:00+00:00,5376.0,5328.630173002988,47.36982699701184,-0.07480653295846384,0,0.0,26.35984621185173,1
2020-09-27 22:00:00+00:00,5131.0,5062.386711510328,68.61328848967241,-0.04000712028764845,0,0.0,25.899853332139376,1
2020-09-27 23:00:00+00:00,4884.0,4777.979519588668,106.02048041133185,0.02090362945934849,0,0.0,25.37894970268003,1
2020-09-28 00:00:00+00:00,4845.0,4843.103894797563,1.8961052024369565,-0.14577207730767497,0,0.0,25.024721779987704,1
2020-09-28 01:00:00+00:00,4788.0,4774.293854374718,13.70614562528226,-0.1255533336340855,0,0.0,24.650275113621788,1
2020-09-28 02:00:00+00:00,4967.0,4834.501594603933,132.49840539606703,0.06710405693796223,0,0.0,24.083171056683828,1
2020-09-28 03:00:00+00:00,5621.0,5155.5855051028975,465.4144948971025,0.6067733143857467,0,0.10677331438574666,22.97639774229808,1
2020-09-28 04:00:00+00:00,6853.0,5733.934307067295,1119.0656929327051,1.6786245510371411,0,1.2853978654228877,20.797773191260937,1
2020-09-28 05:00:00+00:00,7726.0,6271.671362069217,1454.3286379307829,2.260419391686787,0,3.045817257109675,18.03735379957415,1
2020-09-28 06:00:00+00:00,8056.0,6596.912819941113,1459.0871800588866,2.3064805152401804,0,4.852297772349855,15.230873284333969,1
2020-09-28 07:00:00+00:00,8119.0,6763.761548107796,1355.2384518922045,2.162388659861936,0,6.514686432211791,12.568484624472033,1
2020-09-28 08:00:00+00:00,8214.0,6910.290227638186,1303.7097723618144,2.0982269679336736,0,8.112913400145464,9.97025765653836,1
2020-09-28 09:00:00+00:00,8298.0,7023.668962169739,1274.3310378302613,2.069321014584827,0,9.682234414730292,7.400936641953533,1
2020-09-28 10:00:00+00:00,8080.0,6810.53480136709,1269.46519863291,2.0811925863582244,0,11.263427001088516,4.819744055595308,1
2020-09-28 11:00:00+00:00,8004.0,6687.758555145672,1316.2414448543277,2.1856944432728422,0,12.949121444361358,2.1340496123224657,1
2020-09-28 12:00:00+00:00,7899.0,6559.651296685977,1339.3487033140227,2.251855454683845,0,14.700976899045203,0.0,1
2020-09-28 13:00:00+00:00,7821.0,6514.583348836904,1306.4166511630965,2.219960060218605,0,16.42093695926381,0.0,1
2020-09-28 14:00:00+00:00,7767.0,6517.37568599666,1249.6243140033405,2.1405195058573865,0,18.061456465121196,0.0,1
2020-09-28 15:00:00+00:00,7809.0,6609.601162528582,1199.398837471418,2.0682144472426036,0,19.6296709123638,0.0,1
2020-09-28 16:00:00+00:00,7902.0,6722.132838746813,1179.867161253187,2.0448912147888514,0,21.17456212715265,0.0,1
2020-09-28 17:00:00+00:00,7825.0,6712.702827436459,1112.2971725635407,1.928725728644481,0,22.60328785579713,0.0,1
2020-09-28 18:00:00+00:00,7359.0,6507.068998276145,851.9310017238549,1.4568434868685975,0,23.560131342665727,0.0,1
2020-09-28 19:00:00+00:00,6759.0,6095.680077645167,663.3199223548327,1.1138820906608717,0,24.1740134333266,0.0,1
2020-09-28 20:00:00+00:00,6400.0,5891.350448150366,508.649551849634,0.8302636894085051,0,24.504277122735104,0.0,1
2020-09-28 21:00:00+00:00,5869.0,5492.667640844302,376.3323591556982,0.5869215401113075,0,24.591198662846413,0.0,1
2020-09-28 22:00:00+00:00,5600.0,5225.079422131048,374.920577868952,0.5851765951874222,0,24.676375258033836,0.0,1
2020-09-28 23:00:00+00:00,5363.0,4951.483070063742,411.5169299362578,0.652557164717175,0,24.828932422751013,0.0,1
2020-09-29 00:00:00+00:00,5273.0,5322.946620685658,-49.94662068565776,-0.19879439467875754,0,24.130138028072256,0.0,1
2020-09-29 01:00:00+00:00,5192.0,5229.7063147000745,-37.70631470007447,-0.17405882266825787,0,23.456079205404,0.0,1
2020-09-29 02:00:00+00:00,5303.0,5313.123693779091,-10.1236937790909,-0.12116995865415037,0,22.83490924674985,0.0,1
2020-09-29 03:00:00+00:00,5836.0,5743.887834926805,92.11216507319476,0.06871745862589743,0,22.403626705375746,0.0,1
2020-09-29 04:00:00+00:00,6864.0,6561.022875037759,302.97712496224085,0.45808746357968044,0,22.361714168955427,0.0,1
2020-09-29 05:00:00+00:00,7645.0,7213.974568657001,431.0254313429987,0.6925205120561605,0,22.554234681011586,0.0,1
2020-09-29 06:00:00+00:00,7938.0,7542.219447382542,395.78055261745794,0.6245654531868795,0,22.678800134198465,0.0,1
2020-09-29 07:00:00+00:00,7961.0,7654.907514041599,306.0924859584011,0.4564801244717407,0,22.635280258670207,0.0,1
2020-09-29 08:00:00+00:00,8031.0,7757.116607941201,273.88339205879856,0.39509418630399423,0,22.5303744449742,0.0,1
2020-09-29 09:00:00+00:00,8093.0,7844.657059722165,248.3429402778347,0.34627986539564165,0,22.37665431036984,0.0,1
2020-09-29 10:00:00+00:00,7892.0,7619.974705040024,272.02529495997624,0.3884489240551191,0,22.26510323442496,0.0,1
2020-09-29 11:00:00+00:00,7831.0,7499.748939957141,331.2510600428586,0.49602490506219676,0,22.261128139487155,0.0,1
2020-09-29 12:00:00+00:00,7714.0,7373.092142903186,340.90785709681404,0.5122830898859133,0,22.273411229373067,0.0,1
2020-09-29 13:00:00+00:00,7662.0,7294.168396759875,367.8316032401253,0.5599050511096964,0,22.333316280482762,0.0,1
2020-09-29 14:00:00+00:00,7617.0,7249.87174627814,367.1282537218604,0.5564888717229138,0,22.389805152205675,0.0,1
2020-09-29 15:00:00+00:00,7654.0,7290.201188578003,363.798811421997,0.5479762592485287,0,22.437781411454203,0.0,1
2020-09-29 16:00:00+00:00,7734.0,7347.622587834787,386.3774121652132,0.5870042492860851,0,22.52478566074029,0.0,1
2020-09-29 17:00:00+00:00,7746.0,7277.879230331178,468.1207696688216,0.7346858796880973,0,22.759471540428386,0.0,1
2020-09-29 18:00:00+00:00,7259.0,6985.877084546035,273.1229154539651,0.3743774242731848,0,22.63384896470157,0.0,1
2020-09-29 19:00:00+00:00,6643.0,6509.731596801853,133.2684031981471,0.11628354189937876,0,22.25013250660095,0.0,1
2020-09-29 20:00:00+00:00,6320.0,6224.807536191407,95.19246380859296,0.04581906594669371,0,21.795951572547644,0.0,1
2020-09-29 21:00:00+00:00,5856.0,5752.588095657603,103.41190434239708,0.060604772247643934,0,21.356556344795287,0.0,1
2020-09-29 22:00:00+00:00,5595.0,5472.9870303183125,122.01296968168754,0.09419706978439443,0,20.95075341457968,0.0,1
2020-09-29 23:00:00+00:00,5324.0,5196.759764964745,127.24023503525495,0.10374612224562002,0,20.5544995368253,0.0,1
2020-09-30 00:00:00+00:00,5228.0,5235.425692807943,-7.425692807943051,-0.1439293573781177,0,19.910570179447184,0.0,1
2020-09-30 01:00:00+00:00,5141.0,5127.943255121711,13.056744878288557,-0.10587478429936557,0,19.304695395147817,0.0,1
2020-09-30 02:00:00+00:00,5270.0,5201.844581626319,68.15541837368073,-0.004276913694676361,0,18.80041848145314,0.0,1
2020-09-30 03:00:00+00:00,5839.0,5622.903903903319,216.0960960966813,0.267902797595672,0,18.56832127904881,0.0,1
2020-09-30 04:00:00+00:00,6848.0,6422.895200352713,425.1047996472871,0.6507684530732912,0,18.7190897321221,0.0,1
2020-09-30 05:00:00+00:00,7614.0,7074.579574703329,539.420425296671,0.8576548217970044,0,19.076744553919106,0.0,1
2020-09-30 06:00:00+00:00,7902.0,7399.90046444151,502.09953555849006,0.7861158285412656,0,19.362860382460372,0.0,1
2020-09-30 07:00:00+00:00,7931.0,7504.9184347558685,426.0815652441315,0.6445779372515231,0,19.507438319711895,0.0,1
2020-09-30 08:00:00+00:00,7987.0,7606.730687364071,380.26931263592905,0.5590185049859513,0,19.566456824697845,0.0,1
2020-09-30 09:00:00+00:00,8051.0,7694.372300299726,356.6276997002742,0.5142976047917537,0,19.5807544294896,0.0,1
2020-09-30 10:00:00+00:00,7873.0,7481.440541322437,391.55945867756327,0.576720942386769,0,19.657475371876366,0.0,1
2020-09-30 11:00:00+00:00,7808.0,7375.174501223506,432.825498776494,0.6502912231810537,0,19.80776659505742,0.0,1
2020-09-30 12:00:00+00:00,7700.0,7252.921437374938,447.07856262506175,0.673696268609977,0,19.981462863667396,0.0,1
2020-09-30 13:00:00+00:00,7635.0,7187.072645964177,447.92735403582265,0.6727188780216629,0,20.154181741689058,0.0,1
2020-09-30 14:00:00+00:00,7586.0,7150.456095894181,435.5439041058189,0.6477718709475091,0,20.301953612636567,0.0,1
2020-09-30 15:00:00+00:00,7622.0,7195.333227003232,426.6667729967685,0.6295241167857483,0,20.431477729422316,0.0,1
2020-09-30 16:00:00+00:00,7714.0,7257.940881588232,456.0591184117675,0.6809655900485945,0,20.61244331947091,0.0,1
2020-09-30 17:00:00+00:00,7711.0,7218.118744725933,492.88125527406737,0.7456267281902389,0,20.858070047661148,0.0,1
2020-09-30 18:00:00+00:00,7245.0,6910.6968790692135,334.30312093078646,0.4545310424864086,0,20.812601090147556,0.0,1
2020-09-30 19:00:00+00:00,6661.0,6422.857581397854,238.14241860214588,0.27795587132136396,0,20.59055696146892,0.0,1
2020-09-30 20:00:00+00:00,6336.0,6146.191629933385,189.8083700666148,0.1888284146677936,0,20.279385376136712,0.0,1
2020-09-30 21:00:00+00:00,5932.0,5692.317154290095,239.68284570990545,0.278568958227181,0,20.05795433436389,0.0,1
2020-09-30 22:00:00+00:00,5628.0,5419.672429523996,208.32757047600444,0.22028120791890746,0,19.7782355422828,0.0,1
2020-09-30 23:00:00+00:00,5395.0,5140.597305267679,254.40269473232087,0.30281167911827944,0,19.58104722140108,0.0,1
